ID_Uzorka;Dubina_Busenja_cm;Temp_Tla_C;pH_Vrijednost;H2O_Postotak;Metan_Senzor;Organske_Molekule
1;1,6;-33,8;7,17;3,14;Negativno;Da
2;3,1;-64,4;6,66;2,54;Negativno;Ne
3;14,6;-36,3;7,34;0,87;Negativno;Ne
4;10,1;-55,7;7,17;1,24;Negativno;Da
5;9,4;-47,1;6,37;5,55;Negativno;Ne
6;11,8;-15,5;7,15;2,94;Negativno;Ne
7;5,3;-61,9;7,12;2,4;Negativno;Ne
8;1,0;-20,2;7,14;5,44;Negativno;Ne
9;12,7;-40,3;6,85;0,8;Negativno;Ne
10;9,4;-49,3;7,19;4,0;Negativno;Ne
11;13,9;-63,5;7,76;2,48;Negativno;Ne
12;2,9;-45,0;6,37;5,28;Negativno;Ne
13;1,1;-4,8;5,74;3,13;Negativno;Da
14;13,8;-35,7;7,07;5,57;Negativno;Ne
15;3,1;-39,7;7,48;2,83;Negativno;Ne
16;7,6;-45,7;7,36;4,35;Pozitivno;Ne
17;3,6;-39,8;6,54;1,12;Negativno;Ne
18;6,2;-34,8;6,43;2,0;Negativno;Ne
19;2,5;-56,6;7,74;1,46;Negativno;Ne
20;0,7;-29,3;7,08;0,86;Negativno;Ne
21;8,9;-47,0;6,57;3,82;Negativno;Ne
22;10,2;-82,8;7,64;2,82;Negativno;Ne
23;14,0;-42,4;6,98;5,2;Pozitivno;Ne
24;8,0;-13,9;7,38;4,759343196752312;Pozitivno;Da
25;13,5;-60,9;6,99;3,27;Negativno;Ne
26;13,0;-60,2;7,13;0,96;Negativno;Ne
27;6,7;-41,1;6,88;2,79;Negativno;Ne
28;3,2;-42,6;6,89;1,58;Negativno;Ne
29;4,0;-34,0;7,75;2,11;Negativno;Ne
30;5,5;-34,5;6,85;0,88;Negativno;Ne
31;4,8;-47,8;7,31;0,38;Negativno;Ne
32;4,5;-63,3;7,19;2,49;Negativno;Ne
33;5,7;-63,8;6,44;4,22;Pozitivno;Ne
34;14,0;-66,1;7,46;5,02;Negativno;Ne
35;0,9;-38,2;7,14;1,51;Negativno;Ne
36;14,3;-47,6;6,24;2,6;Negativno;Da
37;6,3;-51,7;6,24;2,08;Negativno;Ne
38;4,1;-52,1;6,37;2,68;Negativno;Ne
39;0,9;-66,8;6,71;0,29;Negativno;Ne
40;11,3;-68,5;6,41;3,2;Pozitivno;Ne
41;13,4;-64,7;6,68;2,8;Negativno;Ne
42;12,7;-53,6;6,35;2,16;Negativno;Ne
43;6,3;-69,1;7,22;4,98;Pozitivno;Ne
44;5,4;-43,0;6,46;5,83;Negativno;Ne
45;11,1;-16,3;6,4;2,84;Negativno;Ne
46;9,5;-25,3;6,9;3,75;Negativno;Ne
47;13,4;-50,0;7,45;0,59;Negativno;Ne
48;6,4;-76,0;6,24;5,55;Negativno;Ne
49;7,2;-47,2;7,16;0,91;Negativno;Ne
50;2,1;-52,6;7,46;1,99;Negativno;Da
51;13,0;-67,3;7,28;3,46;Pozitivno;Da
52;9,9;-62,0;6,72;1,38;Negativno;Ne
53;4,4;-25,1;7,27;3,54;Negativno;Ne
54;7,8;-38,4;6,4;4,87;Negativno;Ne
55;4,8;-36,8;6,25;1,71;Negativno;Ne
56;12,7;-42,1;7,54;0,32;Negativno;Da
57;8,5;-53,4;6,89;5,11;Negativno;Ne
58;10,2;-60,7;6,9;1,79;Negativno;Ne
59;9,4;-63,1;7,17;0,63;Negativno;Ne
60;3,9;-60,0;7,64;5,09;Negativno;Da
61;2,1;-22,4;6,71;4,27;Negativno;Ne
62;13,6;-52,9;6,73;5,65;Negativno;Ne
63;10,3;-57,6;6,93;0,43;Negativno;Ne
64;1,0;-43,5;7,33;1,37;Negativno;Ne
65;10,2;-9,4;6,77;5,396618789567781;Pozitivno;Da
66;1,0;-72,2;6,83;0,56;Negativno;Ne
67;2,9;-33,6;6,69;1,56;Negativno;Ne
68;8,1;-37,4;7,58;3,65;Negativno;Ne
69;2,8;-69,3;6,76;5,47;Negativno;Da
70;4,8;-53,0;6,85;5,9;Negativno;Ne
71;11,5;-47,7;8,11;3,44;Negativno;Ne
72;12,3;-15,9;7,07;5,329343196752312;Pozitivno;Da
73;0,1;-64,9;5,96;3,61;Negativno;Ne
74;6,8;-54,7;7,0;3,78;Negativno;Ne
75;8,2;-44,3;7,3;2,62;Negativno;Ne
76;12,9;-57,1;7,14;0,81;Negativno;Ne
77;0,7;-37,2;6,68;2,08;Negativno;Ne
78;7,8;-18,8;7,4;6,999973187039452;Pozitivno;Da
79;10,4;-49,9;7,78;1,35;Negativno;Ne
80;5,7;-53,4;7,51;2,52;Negativno;Ne
81;12,0;-56,5;7,93;0,15;Negativno;Ne
82;0,2;-44,3;6,47;1,74;Pozitivno;Ne
83;6,8;-72,7;7,17;0,85;Negativno;Da
84;11,5;-37,0;6,99;5,77;Negativno;Ne
85;1,6;-64,7;6,19;2,48;Negativno;Ne
86;3,7;-53,7;7,44;3,7;Negativno;Ne
87;11,3;1,8;6,65;2,55;Negativno;Ne
88;11,1;-30,7;6,58;1,83;Negativno;Da
89;10,8;-51,9;7,27;0,75;Negativno;Ne
90;5,9;-45,1;7,02;0,25;Negativno;Ne
91;13,2;-56,0;6,23;2,98;Negativno;Ne
92;4,7;-34,3;6,81;5,77;Negativno;Ne
93;3,4;150,0;-2,0;3,32;Pozitivno;Ne
94;1,5;-54,2;7,28;1,68;Negativno;Ne
95;3,1;-69,7;6,52;5,13;Negativno;Ne
96;11,0;-73,2;7,84;2,69;Negativno;Ne
97;5,2;-53,5;6,19;5,38;Negativno;Ne
98;6,2;-44,1;5,7;2,82;Negativno;Ne
99;8,8;-30,0;6,76;1,89;Negativno;Ne
100;6,1;-49,7;7,5;2,24;Pozitivno;Ne
101;5,5;-35,3;6,43;4,43;Negativno;Ne
102;6,6;-76,1;7,9;1,68;Negativno;Ne
103;10,9;-59,3;5,73;3,02;Negativno;Ne
104;8,2;-54,4;7,14;3,94;Pozitivno;Ne
105;0,8;-78,7;6,55;5,63;Negativno;Ne
106;0,3;-22,7;6,87;5,98;Negativno;Ne
107;13,0;-57,4;6,38;2,85;Negativno;Ne
108;3,1;-85,2;6,8;0,97;Negativno;Ne
109;2,5;-35,8;7,4;1,36;Negativno;Ne
110;2,9;-43,6;7,52;2,23;Negativno;Ne
111;8,1;-64,8;6,93;1,86;Negativno;Ne
112;4,7;-65,5;7,42;5,85;Negativno;Ne
113;14,8;-40,5;7,56;3,04;Negativno;Ne
114;12,0;-54,4;6,18;0,95;Negativno;Ne
115;7,0;-8,6;6,86;5,65;Negativno;Ne
116;9,0;-54,6;6,06;2,72;Negativno;Ne
117;11,4;-54,9;6,86;3,68;Negativno;Ne
118;13,3;-49,8;6,61;5,66;Negativno;Ne
119;9,9;-25,2;7,1;3,75;Negativno;Ne
120;6,5;-47,7;7,04;1,35;Pozitivno;Ne
121;11,7;-70,3;7,09;3,7;Negativno;Ne
122;2,9;-32,6;6,23;1,59;Negativno;Ne
123;8,2;-60,9;6,86;0,17;Negativno;Ne
124;14,7;-78,4;6,88;5,56;Negativno;Da
125;8,1;-57,6;7,07;4,4;Negativno;Ne
126;11,5;-33,0;6,55;2,33;Negativno;Ne
127;4,9;-49,9;7,93;2,21;Pozitivno;Da
128;1,6;-51,3;6,71;5,54;Negativno;Ne
129;14,5;-9,0;7,2;4,13;Negativno;Ne
130;9,9;-52,9;7,32;4,1;Negativno;Ne
131;6,3;-60,6;6,96;5,34;Negativno;Ne
132;2,0;-39,0;6,69;1,15;Negativno;Da
133;4,3;-53,3;7,2;0,93;Negativno;Ne
134;13,1;-45,0;7,45;4,47;Negativno;Ne
135;12,3;-47,8;8,1;0,48;Negativno;Ne
136;0,8;-50,8;7,44;1,78;Negativno;Ne
137;10,4;-28,9;7,05;5,62;Negativno;Ne
138;7,0;-49,1;7,5;5,34;Negativno;Ne
139;1,9;-17,0;6,77;1,4;Negativno;Ne
140;14,1;-19,6;7,13;2,16;Negativno;Ne
141;7,3;-17,0;6,93;6,129973187039452;Pozitivno;Da
142;12,6;-45,3;6,23;0,66;Negativno;Ne
143;6,5;-42,6;6,86;4,99;Negativno;Ne
144;5,9;-22,6;7,26;5,38;Negativno;Ne
145;4,1;-74,4;7,28;4,88;Negativno;Ne
146;7,7;-70,3;6,64;2,96;Negativno;Ne
147;2,3;-59,7;7,15;5,66;Pozitivno;Da
148;3,7;-66,4;6,99;2,62;Negativno;Ne
149;13,9;-72,4;6,9;0,81;Negativno;Ne
150;0,4;-40,8;6,99;1,69;Negativno;Ne
151;5,1;-50,6;6,72;4,6;Pozitivno;Ne
152;1,9;-54,5;6,92;3,56;Negativno;Ne
153;12,7;-48,2;7,07;1,91;Negativno;Ne
154;8,1;-69,4;7,06;5,12;Negativno;Ne
155;12,3;-28,2;6,42;1,4;Negativno;Ne
156;14,9;-55,7;7,7;3,53;Negativno;Ne
157;8,2;-34,5;7,74;4,36;Negativno;Ne
158;13,9;-46,0;7,73;1,19;Negativno;Ne
159;10,0;-52,4;7,14;4,31;Negativno;Ne
160;6,1;-43,7;7,59;4,71;Negativno;Ne
161;5,9;-86,4;7,6;1,74;Negativno;Ne
162;6,5;-64,4;7,2;2,53;Negativno;Ne
163;13,3;-62,2;7,69;2,57;Negativno;Ne
164;4,3;-62,5;6,93;2,35;Negativno;Ne
165;10,6;-48,7;6,88;2,16;Negativno;Ne
166;3,9;-32,6;7,35;1,82;Negativno;Ne
167;11,9;-44,6;7,27;2,33;Pozitivno;Ne
168;13,6;-23,5;7,16;5,44;Pozitivno;Ne
169;2,4;-47,7;7,77;1,63;Negativno;Ne
170;4,9;-36,0;8,0;4,71;Negativno;Ne
171;6,2;-18,7;7,3;2,32;Negativno;Ne
172;12,3;-41,4;6,65;1,29;Negativno;Ne
173;3,7;-29,2;7,01;4,68;Negativno;Ne
174;2,9;-50,1;7,06;4,04;Negativno;Ne
175;9,7;-67,4;7,17;3,59;Negativno;Ne
176;8,3;-47,7;6,86;5,25;Negativno;Ne
177;14,0;-62,6;5,98;1,64;Negativno;Ne
178;14,4;-27,2;6,18;2,38;Negativno;Ne
179;7,8;-11,8;6,97;3,8993431967523122;Pozitivno;Da
180;10,0;-35,3;7,46;3,78;Negativno;Ne
181;3,5;-59,1;7,6;0,24;Negativno;Ne
182;8,4;-52,5;7,21;1,69;Pozitivno;Ne
183;11,7;-16,4;6,6;5,456618789567781;Pozitivno;Da
184;4,7;-55,9;7,6;1,0;Negativno;Ne
185;14,1;-72,0;7,33;0,55;Negativno;Ne
186;9,3;-40,3;7,1;4,83;Negativno;Ne
187;4,5;-30,4;7,6;1,31;Negativno;Ne
188;11,2;-57,2;6,71;5,01;Negativno;Ne
189;1,5;-48,9;6,41;3,88;Negativno;Ne
190;0,6;-63,0;7,49;2,46;Pozitivno;Ne
191;3,8;-51,5;7,07;5,75;Negativno;Ne
192;7,1;-65,2;7,23;2,13;Negativno;Da
193;11,4;-56,3;6,32;2,73;Negativno;Ne
194;14,3;-42,4;6,99;5,09;Negativno;Ne
195;2,6;-60,4;6,69;3,62;Negativno;Ne
196;3,1;-76,2;7,25;4,4;Negativno;Ne
197;9,8;-47,4;7,66;2,92;Negativno;Ne
198;12,7;-40,1;7,08;1,01;Negativno;Ne
199;2,7;-67,4;7,26;0,23;Negativno;Ne
200;3,5;-71,8;6,95;5,15;Negativno;Ne
201;11,8;-62,7;7,55;1,09;Pozitivno;Ne
202;4,0;-75,3;7,29;5,0;Negativno;Ne
203;13,9;-68,3;7,66;4,05;Negativno;Ne
204;5,2;-44,7;6,93;3,35;Negativno;Ne
205;13,2;-40,5;7,95;4,56;Negativno;Ne
206;4,7;-50,1;7,8;4,95;Negativno;Ne
207;1,7;-46,0;6,67;1,83;Negativno;Ne
208;14,1;-39,1;7,47;0,34;Negativno;Ne
209;1,4;-57,4;6,93;3,16;Negativno;Ne
210;13,5;-45,1;6,6;5,5;Negativno;Ne
211;1,9;-27,8;6,86;2,11;Negativno;Da
212;2,5;-43,6;6,56;3,36;Negativno;Ne
213;4,7;-31,4;7,3;3,91;Negativno;Ne
214;13,2;-67,7;7,45;4,29;Negativno;Ne
215;7,5;-26,2;6,63;4,12;Negativno;Ne
216;5,7;-37,9;6,68;2,88;Negativno;Ne
217;14,3;-65,4;6,65;1,77;Negativno;Ne
218;12,6;-47,5;6,72;2,6;Negativno;Ne
219;5,4;-73,2;6,27;2,65;Negativno;Ne
220;3,6;-46,5;6,65;3,5;Negativno;Ne
221;13,9;-30,9;7,65;2,08;Negativno;Ne
222;4,8;-51,5;6,24;5,35;Negativno;Ne
223;12,2;-39,8;6,68;0,64;Negativno;Ne
224;10,0;-59,2;6,77;5,13;Negativno;Ne
225;6,9;-33,1;7,19;0,76;Negativno;Ne
226;7,4;-42,2;6,56;3,47;Negativno;Ne
227;10,8;-32,2;6,84;2,55;Negativno;Ne
228;13,9;-66,0;7,59;4,3;Negativno;Ne
229;2,7;-37,9;7,57;3,84;Negativno;Ne
230;12,9;-71,1;6,51;3,04;Negativno;Ne
231;6,3;-54,1;6,15;5,3;Negativno;Ne
232;5,0;-53,7;7,48;0,22;Negativno;Ne
233;8,6;-51,8;7,89;3,91;Negativno;Ne
234;6,0;-29,0;6,36;1,09;Negativno;Ne
235;10,7;-41,8;7,07;2,94;Negativno;Ne
236;6,7;-40,0;7,35;3,8;Negativno;Ne
237;10,6;-74,1;6,58;4,65;Negativno;Ne
238;9,9;-49,4;6,72;4,67;Pozitivno;Ne
239;7,3;-54,0;7,27;3,2;Pozitivno;Ne
240;8,8;-27,7;7,01;1,12;Negativno;Ne
241;2,8;-30,6;6,19;3,32;Negativno;Ne
242;5,6;-57,1;7,26;1,09;Negativno;Ne
243;0,5;-33,6;6,75;2,87;Negativno;Ne
244;4,4;-69,2;6,97;5,18;Negativno;Ne
245;6,4;-29,3;6,89;1,62;Negativno;Ne
246;7,5;-33,2;7,79;4,23;Pozitivno;Ne
247;5,4;-63,0;6,24;0,27;Negativno;Ne
248;12,0;-13,7;7,19;9,256618789567781;Pozitivno;Da
249;1,3;-39,8;7,37;3,58;Negativno;Ne
250;0,1;-42,2;6,56;4,07;Negativno;Ne
251;10,1;-42,5;6,73;1,81;Negativno;Ne
252;6,2;-49,2;6,83;4,43;Negativno;Ne
253;7,2;-56,2;6,85;4,7;Negativno;Ne
254;5,9;-63,4;7,27;4,77;Negativno;Da
255;6,9;-45,9;6,77;5,09;Negativno;Ne
256;1,6;-44,4;6,98;4,23;Negativno;Ne
257;0,1;-51,6;7,26;3,17;Negativno;Ne
258;12,0;-70,5;7,16;5,77;Negativno;Ne
259;14,6;-48,7;6,31;4,85;Negativno;Ne
260;11,5;-52,7;6,94;0,11;Negativno;Ne
261;9,1;-61,2;6,35;0,43;Negativno;Ne
262;14,8;-55,3;6,79;2,02;Negativno;Ne
263;8,3;-54,0;7,45;0,18;Negativno;Ne
264;11,1;-40,9;7,56;2,26;Negativno;Ne
265;6,3;-79,8;7,26;4,89;Negativno;Ne
266;11,4;-44,9;6,86;5,78;Negativno;Ne
267;0,2;-47,4;7,58;3,42;Negativno;Ne
268;5,1;-45,6;7,13;3,51;Negativno;Ne
269;2,9;-44,6;6,98;4,95;Negativno;Ne
270;12,0;-52,8;7,86;5,74;Negativno;Ne
271;6,6;-26,2;7,92;1,56;Negativno;Ne
272;13,0;-44,6;7,37;2,01;Negativno;Ne
273;1,9;-37,4;7,58;2,74;Negativno;Ne
274;8,8;-51,3;7,51;5,66;Negativno;Ne
275;10,4;-57,5;7,7;4,99;Negativno;Ne
276;11,1;-47,8;6,63;4,49;Negativno;Ne
277;11,3;-60,2;6,94;0,94;Negativno;Ne
278;2,2;-49,5;6,38;0,16;Pozitivno;Ne
279;13,6;-35,8;7,31;4,44;Negativno;Ne
280;2,3;-44,4;7,24;0,71;Negativno;Ne
281;4,3;-40,3;7,3;4,78;Pozitivno;Ne
282;1,3;-61,7;7,09;2,32;Negativno;Ne
283;0,8;-52,3;6,99;0,59;Negativno;Ne
284;3,4;-42,9;7,53;0,9;Negativno;Ne
285;0,8;-46,8;7,71;4,49;Negativno;Ne
286;6,4;-54,6;7,21;3,97;Negativno;Ne
287;7,1;-12,9;7,3;4,41;Negativno;Ne
288;14,2;-61,8;7,01;0,22;Negativno;Da
289;4,5;-41,4;6,14;0,53;Negativno;Ne
290;3,3;-73,6;6,02;4,04;Negativno;Ne
291;9,2;-63,3;6,73;3,2;Negativno;Ne
292;3,7;-66,0;6,82;3,42;Negativno;Ne
293;14,6;-53,4;7,28;4,15;Negativno;Da
294;10,6;-32,2;6,97;1,01;Pozitivno;Da
295;7,9;-37,8;6,73;1,45;Negativno;Ne
296;8,6;-44,2;7,45;0,65;Negativno;Ne
297;9,7;-29,2;7,52;2,27;Negativno;Ne
298;12,8;-64,8;7,61;0,56;Negativno;Ne
299;2,6;-62,2;6,61;2,19;Negativno;Ne
300;0,6;-76,5;7,59;3,33;Negativno;Ne
301;4,9;-48,9;7,01;1,71;Negativno;Ne
302;12,2;-58,5;8,18;5,27;Negativno;Ne
303;6,1;-33,7;7,59;1,29;Negativno;Ne
304;2,2;-52,9;6,37;2,2;Negativno;Ne
305;0,6;-70,4;6,3;5,75;Negativno;Ne
306;2,9;-48,6;7,28;4,81;Negativno;Ne
307;13,5;-39,1;6,53;4,19;Negativno;Ne
308;5,3;-34,9;7,03;4,12;Negativno;Ne
309;8,4;-48,1;6,6;4,29;Negativno;Ne
310;10,0;-41,9;6,54;5,81;Negativno;Ne
311;9,6;-61,9;7,71;1,85;Negativno;Ne
312;2,2;-77,9;7,18;1,29;Negativno;Ne
313;8,0;-41,2;8,0;2,24;Negativno;Ne
314;14,2;-68,9;6,57;5,99;Negativno;Ne
315;8,8;-19,3;7,25;6,289973187039452;Pozitivno;Da
316;10,8;-27,8;6,27;2,03;Negativno;Ne
317;3,7;-44,0;7,18;3,77;Negativno;Ne
318;4,3;-43,7;6,76;2,92;Negativno;Da
319;6,0;-44,9;6,92;2,93;Negativno;Ne
320;10,5;-71,8;7,02;4,21;Negativno;Ne
321;9,8;-75,8;6,61;3,42;Negativno;Ne
322;5,9;-30,5;6,97;3,19;Negativno;Ne
323;3,4;-66,1;6,27;4,25;Negativno;Ne
324;2,6;-46,6;6,8;4,21;Negativno;Ne
325;6,3;-38,9;7,18;0,36;Negativno;Ne
326;9,9;-11,1;6,7;6,839973187039453;Pozitivno;Da
327;6,5;-19,1;7,22;5,7;Negativno;Ne
328;12,3;-35,7;6,98;2,98;Negativno;Ne
329;8,1;-63,9;8,6;3,88;Negativno;Ne
330;2,8;-43,8;7,44;5,29;Negativno;Ne
331;11,5;-86,6;6,73;1,58;Pozitivno;Ne
332;14,5;-17,8;6,04;5,19;Negativno;Ne
333;6,5;-58,8;6,62;1,0;Negativno;Ne
334;8,8;-52,3;7,28;2,8;Negativno;Ne
335;3,8;-53,3;7,13;5,16;Negativno;Ne
336;0,5;-46,1;6,31;1,56;Negativno;Ne
337;1,6;-41,6;6,23;5,6;Pozitivno;Ne
338;5,8;-22,9;6,83;0,87;Negativno;Ne
339;5,6;-47,3;7,43;0,67;Negativno;Ne
340;12,9;-26,3;7,32;3,71;Negativno;Ne
341;13,1;-73,7;6,75;4,25;Negativno;Ne
342;9,9;-44,5;8,05;4,61;Negativno;Ne
343;13,7;-47,0;7,86;5,69;Negativno;Ne
344;10,5;-47,8;6,81;5,07;Negativno;Ne
345;11,4;-66,1;7,18;3,88;Negativno;Ne
346;9,5;-37,6;7,51;0,7;Negativno;Ne
347;12,6;-50,3;7,34;5,5;Negativno;Ne
348;9,8;-47,0;6,04;5,2;Negativno;Ne
349;10,1;-75,6;6,73;3,51;Negativno;Da
350;10,9;-42,0;5,18;5,9;Negativno;Ne
351;5,2;-52,5;6,7;3,94;Negativno;Ne
352;3,6;-65,8;7,19;4,91;Negativno;Ne
353;5,3;-36,6;6,98;4,66;Negativno;Ne
354;8,9;-33,4;7,38;5,18;Negativno;Ne
355;4,0;-12,9;7,67;6,909343196752312;Pozitivno;Da
356;14,8;-62,2;7,35;3,44;Negativno;Ne
357;7,6;-44,2;6,48;0,42;Negativno;Da
358;11,2;-56,0;6,89;5,11;Negativno;Ne
359;10,4;-58,5;7,02;0,79;Negativno;Ne
360;13,0;-29,6;7,12;3,64;Negativno;Ne
361;1,3;-52,4;6,7;1,25;Negativno;Ne
362;9,1;-55,7;6,26;2,9;Pozitivno;Ne
363;8,5;-80,1;7,56;1,62;Negativno;Ne
364;3,9;-57,7;7,02;1,21;Negativno;Ne
365;2,0;-36,3;6,44;1,9;Negativno;Ne
366;6,0;-43,3;6,3;3,56;Negativno;Ne
367;1,6;-52,8;7,21;0,21;Negativno;Ne
368;8,5;-51,5;6,7;4,35;Negativno;Ne
369;3,9;-21,2;6,98;2,86;Negativno;Ne
370;0,7;-40,7;7,48;0,63;Negativno;Da
371;7,4;-42,3;7,57;0,45;Negativno;Ne
372;6,3;-34,8;7,15;3,85;Negativno;Ne
373;7,0;-43,1;6,5;2,6;Negativno;Ne
374;6,2;-67,1;7,24;3,35;Negativno;Ne
375;10,4;-29,4;6,48;5,21;Negativno;Ne
376;2,0;-33,9;6,98;2,34;Negativno;Ne
377;2,4;-37,1;6,78;4,14;Negativno;Ne
378;2,9;-57,7;6,9;5,01;Negativno;Ne
379;6,0;-46,5;7,24;1,63;Negativno;Ne
380;0,1;-39,1;7,57;1,83;Negativno;Ne
381;11,2;-46,9;7,53;4,22;Pozitivno;Ne
382;13,9;-62,9;7,69;4,24;Negativno;Ne
383;4,2;-61,9;6,93;5,91;Negativno;Ne
384;6,4;-54,3;7,67;4,85;Negativno;Ne
385;12,7;-27,3;6,76;3,79;Negativno;Ne
386;1,7;-43,5;7,08;2,72;Negativno;Ne
387;4,3;-32,3;8,17;1,67;Negativno;Ne
388;14,6;-69,9;6,71;2,23;Pozitivno;Ne
389;8,0;-28,9;7,49;3,49;Negativno;Ne
390;4,2;-48,9;6,54;3,6;Negativno;Ne
391;4,3;-12,2;7,24;6,389973187039452;Pozitivno;Da
392;1,6;-68,3;6,87;4,11;Pozitivno;Ne
393;2,9;-45,0;7,44;5,95;Negativno;Da
394;4,2;-48,3;6,94;5,89;Negativno;Ne
395;11,6;-50,0;6,75;2,41;Pozitivno;Ne
396;6,0;-49,9;7,81;0,92;Negativno;Ne
397;9,7;-49,2;7,31;5,55;Negativno;Ne
398;14,5;-32,4;7,09;0,56;Negativno;Ne
399;0,2;-31,0;7,46;2,64;Negativno;Ne
400;10,3;-17,8;7,04;5,1099731870394525;Pozitivno;Da
401;8,6;-56,8;7,68;2,13;Negativno;Ne
402;13,5;-53,0;6,91;1,75;Negativno;Ne
403;1,3;-40,3;6,76;5,72;Negativno;Ne
404;0,1;-40,6;7,68;4,46;Negativno;Ne
405;14,8;-74,6;6,97;4,75;Negativno;Ne
406;2,8;-36,1;6,98;0,34;Negativno;Ne
407;4,4;-43,9;6,83;0,11;Negativno;Ne
408;10,2;-50,9;6,47;4,73;Negativno;Ne
409;8,2;-29,6;6,66;2,48;Negativno;Ne
410;9,3;-59,6;7,75;4,42;Negativno;Ne
411;6,6;-56,9;6,67;2,78;Negativno;Ne
412;7,0;-57,5;6,72;4,46;Negativno;Ne
413;0,4;-49,2;6,75;0,52;Negativno;Ne
414;3,0;-46,7;7,83;4,93;Negativno;Ne
415;3,1;-54,7;6,32;0,6;Negativno;Ne
416;3,7;-63,0;5,9;5,71;Negativno;Ne
417;5,2;-46,6;7,48;5,58;Negativno;Ne
418;3,8;-59,1;7,8;4,07;Pozitivno;Ne
419;0,4;-56,2;6,37;3,8;Negativno;Ne
420;4,1;-52,6;6,69;1,44;Negativno;Ne
421;10,6;-31,4;7,26;1,0;Negativno;Ne
422;4,2;-55,8;7,26;4,36;Negativno;Ne
423;14,1;-53,4;7,75;0,1;Negativno;Ne
424;13,8;-71,8;7,29;3,52;Negativno;Ne
425;5,7;-70,5;7,25;0,99;Negativno;Ne
426;8,6;-46,9;7,21;1,11;Negativno;Ne
427;6,5;-29,0;7,4;5,22;Negativno;Ne
428;4,0;-60,2;6,8;4,5;Negativno;Ne
429;8,6;-61,2;7,12;3,75;Negativno;Ne
430;10,0;-39,8;7,51;2,3;Negativno;Ne
431;3,4;-59,7;7,02;5,46;Negativno;Ne
432;9,1;-52,0;6,59;4,12;Negativno;Ne
433;1,6;-40,7;6,94;3,32;Negativno;Ne
434;11,1;-41,9;6,62;4,52;Negativno;Ne
435;1,3;-71,3;6,91;1,0;Negativno;Ne
436;10,1;-50,1;6,9;2,15;Negativno;Ne
437;10,4;-46,1;7,84;0,98;Pozitivno;Ne
438;2,8;-52,3;7,14;3,79;Negativno;Ne
439;12,3;-46,0;6,93;5,82;Negativno;Ne
440;12,5;-45,0;7,3;2,96;Pozitivno;Ne
441;13,7;-43,5;6,1;1,93;Negativno;Ne
442;0,8;-61,8;7,18;0,87;Pozitivno;Ne
443;6,4;-77,8;6,17;5,36;Negativno;Ne
444;6,2;-42,3;6,34;1,65;Negativno;Da
445;3,9;-50,9;6,46;4,3;Negativno;Ne
446;11,2;-49,2;8,24;2,88;Negativno;Ne
447;14,2;-55,3;6,93;4,3;Pozitivno;Ne
448;0,6;-55,0;7,18;3,17;Negativno;Ne
449;6,0;-71,3;5,97;3,83;Negativno;Ne
450;6,7;-51,3;8,17;5,88;Negativno;Ne
451;2,3;-54,2;6,5;3,35;Pozitivno;Ne
452;3,3;-35,3;6,62;5,37;Negativno;Da
453;13,9;-48,3;7,7;4,73;Negativno;Ne
454;5,0;-33,5;7,15;2,66;Negativno;Ne
455;6,3;-63,4;6,74;3,01;Negativno;Ne
456;7,6;-41,1;6,58;4,71;Negativno;Ne
457;13,9;-38,0;8,09;2,87;Negativno;Ne
458;7,4;-59,6;6,77;1,44;Negativno;Ne
459;8,0;-50,0;6,88;5,85;Negativno;Ne
460;6,2;-41,5;7,34;3,46;Negativno;Ne
461;5,5;-18,1;6,55;3,48;Negativno;Ne
462;12,5;-49,2;7,05;3,02;Negativno;Ne
463;10,9;-57,2;6,28;0,21;Negativno;Ne
464;4,6;-60,8;6,88;0,75;Negativno;Ne
465;7,6;-59,1;6,32;0,69;Negativno;Ne
466;11,1;-54,9;7,07;1,11;Negativno;Ne
467;6,2;-57,8;6,76;0,53;Negativno;Ne
468;2,6;-65,3;6,79;3,83;Negativno;Ne
469;11,4;-48,7;7,33;1,11;Negativno;Ne
470;10,4;-67,2;6,79;2,93;Negativno;Ne
471;0,3;-27,6;6,92;4,73;Negativno;Ne
472;1,8;-66,1;7,55;1,26;Negativno;Ne
473;0,6;-33,7;7,41;1,13;Negativno;Da
474;0,5;-45,1;7,68;4,85;Negativno;Ne
475;0,6;-42,5;7,14;0,81;Negativno;Ne
476;1,9;-34,5;7,72;5,34;Negativno;Ne
477;8,5;-56,2;6,85;3,55;Pozitivno;Da
478;11,4;-84,8;7,28;1,51;Negativno;Ne
479;7,6;-64,7;7,34;3,8;Negativno;Ne
480;8,7;-9,3;7,43;4,679343196752312;Pozitivno;Da
481;11,8;-64,1;7,04;1,7;Negativno;Ne
482;0,4;-54,8;6,69;0,33;Negativno;Ne
483;10,2;-25,5;7,15;3,27;Negativno;Ne
484;7,8;-53,4;7,18;1,97;Negativno;Ne
485;5,8;-35,0;7,89;0,43;Pozitivno;Ne
486;2,2;-42,8;6,93;0,49;Negativno;Ne
487;0,7;-58,8;7,21;3,82;Negativno;Ne
488;3,2;-66,7;6,85;2,96;Negativno;Ne
489;7,5;-10,7;7,81;3,789973187039452;Pozitivno;Da
490;6,9;-62,5;7,39;2,26;Negativno;Ne
491;4,8;-60,5;6,99;4,65;Negativno;Ne
492;2,6;-48,4;7,46;5,29;Negativno;Ne
493;6,3;-37,5;6,94;4,68;Negativno;Ne
494;9,2;-59,0;7,74;0,67;Negativno;Ne
495;10,9;-28,6;6,57;1,66;Negativno;Ne
496;7,7;-31,3;5,74;5,31;Negativno;Ne
497;11,8;-42,0;5,68;4,93;Negativno;Ne
498;6,6;-51,8;7,22;5,45;Negativno;Ne
499;5,7;-62,9;5,92;2,3;Negativno;Ne
500;10,1;-59,2;7,78;1,87;Negativno;Ne
501;13,7;-67,1;7,49;0,56;Negativno;Ne
502;13,6;-58,5;7,59;2,24;Negativno;Ne
503;11,5;-55,4;6,52;5,62;Negativno;Ne
504;6,0;-38,1;7,45;0,76;Negativno;Ne
505;5,5;-89,6;7,27;3,29;Negativno;Ne
506;12,7;-38,0;7,44;4,68;Negativno;Ne
507;5,7;-38,7;7,3;0,15;Pozitivno;Ne
508;5,5;-26,6;6,26;0,63;Negativno;Ne
509;8,4;-53,6;7,91;0,78;Negativno;Ne
510;2,2;-65,9;6,15;3,8;Negativno;Ne
511;12,9;-14,7;6,62;4,699343196752312;Pozitivno;Da
512;1,1;-55,2;5,64;4,15;Negativno;Ne
513;5,9;-56,8;7,18;3,51;Negativno;Ne
514;14,2;-48,9;6,74;2,68;Negativno;Ne
515;13,2;-47,9;6,82;2,7;Negativno;Ne
516;12,9;-72,6;7,1;1,75;Pozitivno;Ne
517;4,4;-76,3;7,69;3,24;Pozitivno;Ne
518;5,8;-51,5;6,94;4,25;Negativno;Ne
519;11,3;-52,5;6,61;0,47;Negativno;Ne
520;12,3;-40,3;6,55;5,64;Negativno;Ne
521;7,1;-36,4;6,04;5,06;Negativno;Ne
522;8,3;-41,0;6,3;0,86;Negativno;Ne
523;2,8;-55,4;7,87;0,61;Negativno;Ne
524;9,0;-42,4;6,81;5,53;Negativno;Ne
525;11,0;-59,6;7,61;1,11;Negativno;Da
526;12,4;-74,5;7,77;2,92;Negativno;Da
527;11,3;-49,4;6,82;0,7;Pozitivno;Ne
528;0,3;-55,0;6,64;0,18;Negativno;Ne
529;7,5;-38,8;7,0;5,83;Negativno;Ne
530;1,2;-46,2;6,36;5,63;Pozitivno;Ne
531;0,4;-46,2;6,69;3,52;Pozitivno;Ne
532;13,7;-28,9;7,46;2,24;Negativno;Ne
533;11,7;-54,6;7,45;0,2;Negativno;Ne
534;12,1;-51,1;6,85;1,98;Negativno;Ne
535;10,9;-50,0;6,2;4,13;Negativno;Ne
536;0,8;-40,2;7,4;1,19;Negativno;Ne
537;9,4;-25,3;7,46;2,72;Negativno;Ne
538;13,7;-60,0;5,65;0,28;Negativno;Ne
539;3,9;-32,9;7,03;0,45;Negativno;Da
540;8,9;-54,2;7,27;4,9;Negativno;Ne
541;3,7;-72,9;6,63;4,54;Negativno;Ne
542;5,7;-40,3;6,88;5,29;Negativno;Ne
543;11,7;-65,6;7,33;2,01;Negativno;Ne
544;12,2;-71,7;6,58;4,87;Negativno;Ne
545;7,4;-40,4;7,18;2,61;Negativno;Ne
546;7,1;-29,3;6,12;3,19;Negativno;Ne
547;3,5;-28,4;6,53;5,07;Negativno;Ne
548;13,9;-61,5;6,95;4,57;Negativno;Ne
549;6,6;-53,8;7,51;4,89;Negativno;Ne
550;7,8;-22,2;6,23;3,46;Negativno;Ne
551;13,0;-58,2;6,83;1,23;Negativno;Ne
552;3,1;150,0;-2,0;2,67;Pozitivno;Ne
553;11,7;-22,4;7,25;0,64;Negativno;Ne
554;2,0;-59,2;6,19;5,7;Negativno;Ne
555;3,2;-44,1;6,82;5,01;Negativno;Ne
556;11,3;-35,5;6,69;4,98;Negativno;Ne
557;9,0;-71,7;7,09;5,9;Negativno;Ne
558;0,7;-53,7;6,19;1,81;Negativno;Ne
559;6,0;-31,2;7,11;2,2;Negativno;Ne
560;6,0;-52,6;7,74;1,23;Negativno;Ne
561;14,2;-57,5;7,23;0,6;Negativno;Ne
562;5,2;-41,5;6,17;2,87;Negativno;Ne
563;12,4;-30,3;7,18;2,18;Negativno;Ne
564;11,1;-55,0;6,66;0,99;Negativno;Ne
565;0,4;-28,8;6,56;1,59;Negativno;Ne
566;2,2;-33,3;7,58;2,35;Negativno;Ne
567;14,8;-25,4;6,76;0,99;Negativno;Ne
568;14,7;-58,0;6,7;5,18;Negativno;Ne
569;8,8;-27,6;6,03;4,23;Negativno;Ne
570;9,5;-9,7;6,86;5,33;Negativno;Ne
571;5,2;-106,6;8,32;0,48;Negativno;Ne
572;12,9;-46,7;7,32;0,31;Negativno;Ne
573;5,7;-28,7;6,31;3,24;Negativno;Ne
574;2,0;-50,7;7,26;1,22;Negativno;Ne
575;4,4;-40,1;6,51;3,3;Negativno;Ne
576;7,0;-47,7;6,53;4,63;Negativno;Ne
577;8,6;-66,5;6,79;4,1;Negativno;Ne
578;3,7;-62,5;7,96;4,94;Negativno;Ne
579;13,1;-62,0;6,88;0,78;Negativno;Ne
580;13,7;-34,7;6,56;3,54;Negativno;Ne
581;3,3;-67,3;5,84;2,08;Negativno;Ne
582;9,6;-65,0;7,26;3,09;Negativno;Ne
583;8,3;-70,7;7,13;1,27;Negativno;Ne
584;2,4;-58,7;7,49;0,49;Negativno;Ne
585;3,0;-52,6;7,77;5,07;Negativno;Ne
586;8,2;-41,7;6,92;4,02;Pozitivno;Ne
587;9,7;-59,8;8,04;0,96;Negativno;Ne
588;1,1;-24,4;6,83;4,99;Negativno;Ne
589;7,7;-62,4;6,58;3,53;Negativno;Da
590;0,3;-54,5;7,02;2,71;Negativno;Ne
591;4,2;-46,9;6,48;0,67;Pozitivno;Ne
592;1,7;-63,7;7,95;5,25;Negativno;Ne
593;15,0;-33,6;6,8;4,5;Negativno;Ne
594;13,7;-47,9;6,98;2,2;Negativno;Ne
595;6,9;-77,6;6,86;5,64;Negativno;Ne
596;8,6;-26,4;6,43;1,76;Negativno;Ne
597;4,4;-47,7;6,85;2,57;Negativno;Ne
598;2,9;-40,8;7,15;5,01;Pozitivno;Ne
599;6,2;-39,3;7,04;1,82;Negativno;Ne
600;6,4;-26,8;6,62;5,19;Pozitivno;Ne
601;0,5;-52,8;6,85;1,45;Negativno;Ne
602;2,4;-61,6;6,94;2,82;Negativno;Ne
603;11,4;-84,4;6,85;5,45;Negativno;Ne
604;7,0;-31,2;6,68;1,8;Negativno;Ne
605;14,4;-23,0;7,46;2,68;Negativno;Ne
606;14,3;-37,6;6,58;2,18;Negativno;Ne
607;1,5;-55,3;6,54;5,44;Negativno;Ne
608;6,3;-52,9;6,77;1,96;Negativno;Ne
609;3,1;-57,1;6,01;0,65;Negativno;Ne
610;13,5;-61,2;6,85;3,53;Negativno;Ne
611;7,8;-58,5;5,88;4,18;Negativno;Ne
612;1,5;-41,8;7,53;1,1;Negativno;Ne
613;5,8;-53,7;6,53;1,1;Negativno;Ne
614;14,6;-36,2;7,1;4,32;Negativno;Ne
615;12,2;-49,3;6,9;4,24;Negativno;Ne
616;6,6;-34,8;6,88;3,22;Negativno;Ne
617;13,6;-50,5;6,99;5,36;Negativno;Ne
618;9,1;-46,6;6,69;4,08;Negativno;Ne
619;5,9;-41,7;7,63;3,51;Negativno;Ne
620;4,3;-0,3;6,02;3,0;Negativno;Ne
621;12,6;-52,0;6,16;3,65;Negativno;Ne
622;9,1;-46,3;6,82;0,91;Negativno;Ne
623;6,2;-59,5;6,74;4,41;Negativno;Ne
624;9,9;-53,8;6,91;5,57;Negativno;Ne
625;7,8;-48,1;7,25;3,07;Negativno;Ne
626;12,1;-57,5;6,4;3,65;Negativno;Ne
627;4,5;-41,5;8,27;3,54;Negativno;Ne
628;7,1;-67,1;6,83;4,2;Negativno;Ne
629;3,1;-80,2;7,37;4,38;Negativno;Ne
630;0,1;-53,4;8,36;5,31;Negativno;Da
631;4,5;-54,3;6,79;3,2;Pozitivno;Ne
632;0,2;-34,3;7,55;2,11;Pozitivno;Ne
633;2,3;-44,6;7,08;3,92;Negativno;Ne
634;9,0;-54,6;7,35;0,41;Negativno;Ne
635;1,0;-61,7;7,07;0,89;Negativno;Ne
636;4,3;-56,5;6,79;5,02;Negativno;Da
637;5,5;-44,0;7,14;3,78;Negativno;Ne
638;14,5;-72,1;7,32;0,69;Negativno;Ne
639;11,9;-59,5;6,16;1,88;Negativno;Ne
640;6,9;-30,2;7,07;5,36;Negativno;Ne
641;0,7;-40,6;7,54;0,49;Negativno;Ne
642;12,4;-34,4;6,81;1,17;Negativno;Ne
643;7,6;-45,4;7,34;0,29;Negativno;Ne
644;8,5;-51,9;7,01;4,13;Negativno;Ne
645;9,8;-46,2;7,38;0,66;Negativno;Ne
646;3,6;-50,3;6,51;1,85;Pozitivno;Ne
647;1,6;-44,5;6,95;2,85;Negativno;Ne
648;6,8;-56,4;6,81;3,9;Negativno;Ne
649;14,1;-52,2;6,59;5,15;Negativno;Ne
650;9,3;-26,0;7,05;4,07;Negativno;Ne
651;9,9;-43,7;7,51;0,77;Negativno;Ne
652;6,6;-51,4;6,97;2,02;Negativno;Da
653;3,0;-42,8;6,35;2,3;Pozitivno;Ne
654;11,3;-48,8;7,2;1,02;Negativno;Ne
655;14,9;-36,7;6,6;1,08;Negativno;Ne
656;13,1;-55,1;6,9;4,28;Negativno;Ne
657;9,6;-48,8;7,1;5,8;Negativno;Ne
658;6,8;-59,1;6,32;2,21;Negativno;Ne
659;12,4;-42,7;5,92;1,38;Negativno;Ne
660;2,6;-72,2;7,54;2,44;Negativno;Ne
661;11,1;-75,8;6,63;0,4;Negativno;Ne
662;5,4;-84,4;7,43;3,6;Negativno;Ne
663;12,3;-55,7;7,41;5,58;Negativno;Ne
664;0,5;-40,7;6,53;3,65;Negativno;Ne
665;9,0;-78,6;7,02;0,77;Negativno;Ne
666;3,5;-52,9;6,93;0,81;Negativno;Ne
667;3,5;-75,3;7,14;3,44;Negativno;Ne
668;9,8;-71,1;6,7;1,38;Negativno;Ne
669;6,9;-32,3;6,94;4,39;Pozitivno;Ne
670;4,5;-62,3;6,54;4,47;Negativno;Ne
671;7,5;-39,9;7,2;5,83;Negativno;Ne
672;14,3;-48,8;7,55;4,64;Negativno;Ne
673;14,8;-72,2;6,83;1,83;Negativno;Da
674;4,1;-50,7;6,7;1,23;Negativno;Ne
675;2,3;-44,0;6,87;1,88;Negativno;Da
676;11,6;-40,2;7,73;4,58;Negativno;Ne
677;0,9;-49,9;7,6;5,8;Negativno;Ne
678;5,3;-37,0;6,85;5,82;Negativno;Ne
679;1,3;-39,9;6,93;5,27;Negativno;Ne
680;3,3;-46,5;7,13;2,08;Negativno;Ne
681;6,2;-28,2;6,56;2,98;Negativno;Ne
682;0,2;-46,9;7,25;1,68;Negativno;Ne
683;6,9;-51,1;6,29;4,7;Negativno;Ne
684;6,0;-90,9;6,73;5,88;Negativno;Ne
685;14,0;-25,3;6,97;4,87;Negativno;Ne
686;4,3;-63,6;7,06;4,41;Negativno;Ne
687;8,7;-46,7;6,39;3,8;Negativno;Ne
688;1,9;-43,5;6,61;3,79;Negativno;Da
689;2,4;-60,1;7,86;2,37;Negativno;Ne
690;8,2;-33,6;6,52;3,12;Negativno;Ne
691;1,8;-42,0;7,2;5,13;Negativno;Ne
692;11,9;-73,9;7,0;2,17;Negativno;Ne
693;11,0;-55,2;7,06;3,04;Negativno;Da
694;8,4;-56,3;6,27;5,65;Negativno;Ne
695;4,7;-64,9;6,75;1,19;Negativno;Ne
696;2,1;-22,4;6,79;0,27;Negativno;Ne
697;12,9;-52,2;7,2;3,4;Negativno;Ne
698;8,2;-52,2;6,07;0,56;Negativno;Ne
699;0,9;-63,2;6,79;1,21;Negativno;Ne
700;14,9;-38,6;7,73;4,75;Negativno;Ne
701;3,7;-23,3;7,43;2,92;Negativno;Ne
702;9,0;-72,1;6,81;2,26;Negativno;Ne
703;13,5;-38,5;7,59;1,09;Negativno;Ne
704;1,2;-98,8;6,31;5,27;Negativno;Da
705;13,9;-35,3;7,26;2,65;Negativno;Da
706;4,6;-38,8;6,94;2,26;Negativno;Ne
707;14,7;150,0;-2,0;3,27;Pozitivno;Ne
708;7,9;-70,9;7,03;4,71;Negativno;Ne
709;13,2;-48,7;7,54;4,86;Negativno;Da
710;15,0;-28,5;7,48;3,39;Pozitivno;Ne
711;9,1;-51,7;6,8;3,75;Negativno;Ne
712;9,5;-61,5;6,9;3,93;Negativno;Ne
713;2,5;-41,5;7,55;4,6;Negativno;Ne
714;6,7;-20,7;7,73;5,32;Negativno;Ne
715;5,3;-37,7;7,36;1,71;Negativno;Ne
716;14,5;-40,1;7,25;5,76;Negativno;Ne
717;0,5;-46,0;7,29;4,24;Negativno;Da
718;10,0;-73,3;7,42;5,03;Negativno;Da
719;9,6;-64,3;7,71;4,33;Negativno;Ne
720;11,1;-56,8;7,24;2,2;Negativno;Ne
721;14,5;-40,7;6,37;1,99;Pozitivno;Ne
722;12,5;-50,3;6,85;4,15;Negativno;Ne
723;6,6;-78,4;6,81;4,29;Negativno;Ne
724;4,3;-47,9;6,27;1,5;Negativno;Ne
725;6,3;-40,9;7,14;2,58;Pozitivno;Ne
726;3,5;-19,3;6,81;4,18;Negativno;Ne
727;7,6;-58,0;6,91;2,85;Negativno;Ne
728;10,9;-54,1;7,12;2,01;Negativno;Ne
729;12,7;-45,0;6,32;4,86;Negativno;Da
730;3,4;-48,5;7,12;4,3;Pozitivno;Ne
731;8,6;-64,9;6,53;4,51;Negativno;Ne
732;3,2;-58,6;7,4;5,76;Negativno;Ne
733;13,8;-60,0;7,61;3,71;Negativno;Ne
734;5,5;-32,3;6,37;2,66;Negativno;Ne
735;2,7;-35,9;7,25;1,49;Negativno;Ne
736;9,6;-49,2;7,22;5,84;Negativno;Ne
737;7,8;-81,3;6,33;2,64;Negativno;Ne
738;6,3;-56,4;6,2;0,61;Negativno;Ne
739;12,2;-36,8;7,85;1,48;Negativno;Ne
740;2,3;-50,9;6,85;1,68;Negativno;Ne
741;5,7;-61,3;6,53;3,53;Negativno;Ne
742;0,2;-36,4;6,7;3,87;Negativno;Ne
743;14,5;-62,7;6,46;5,43;Negativno;Ne
744;6,8;-19,5;6,71;1,79;Negativno;Ne
745;2,3;-71,4;7,85;3,92;Negativno;Ne
746;11,5;-53,9;7,39;0,3;Negativno;Ne
747;4,5;-53,3;7,06;1,17;Negativno;Ne
748;10,4;-56,2;6,63;1,18;Negativno;Ne
749;4,2;-45,2;6,67;1,85;Negativno;Ne
750;13,8;-38,5;6,98;5,59;Negativno;Ne
751;1,2;-51,5;7,95;3,37;Negativno;Ne
752;2,0;-40,6;6,23;1,8;Negativno;Ne
753;10,4;-57,9;7,01;4,89;Negativno;Ne
754;2,8;-52,6;6,75;5,5;Negativno;Ne
755;12,9;-30,0;6,55;4,02;Negativno;Ne
756;2,8;-68,8;6,37;2,92;Negativno;Ne
757;13,3;-43,1;6,93;0,32;Negativno;Ne
758;2,7;-39,0;7,13;3,31;Negativno;Ne
759;11,6;-42,8;6,16;1,18;Negativno;Ne
760;8,4;-58,1;6,59;1,54;Negativno;Ne
761;1,4;-52,4;5,76;1,74;Pozitivno;Ne
762;10,3;-46,4;7,07;5,22;Negativno;Ne
763;2,4;-47,4;7,11;1,44;Negativno;Ne
764;14,1;-60,9;6,59;5,54;Pozitivno;Ne
765;14,0;-55,5;6,99;5,03;Negativno;Ne
766;12,8;-9,7;7,96;8,826618789567782;Pozitivno;Da
767;1,0;-70,8;6,7;4,67;Negativno;Ne
768;11,6;-30,9;7,12;3,28;Negativno;Ne
769;6,4;-36,6;6,22;1,67;Negativno;Ne
770;7,8;-85,5;5,96;5,25;Negativno;Ne
771;4,4;-59,4;6,27;0,56;Negativno;Ne
772;4,2;-48,5;7,66;5,97;Negativno;Ne
773;9,3;-66,5;7,18;1,16;Negativno;Da
774;5,9;-0,8;7,05;5,47;Negativno;Ne
775;8,8;-44,0;7,19;4,79;Negativno;Ne
776;1,4;-34,9;6,94;1,05;Negativno;Ne
777;13,5;-49,1;6,65;3,57;Negativno;Ne
778;1,0;-66,3;7,26;2,93;Negativno;Ne
779;10,4;-76,8;6,88;3,94;Negativno;Ne
780;10,9;-63,4;7,0;0,99;Negativno;Ne
781;1,1;-50,8;6,83;1,22;Negativno;Ne
782;0,8;-54,2;6,73;0,88;Negativno;Ne
783;6,6;-60,4;7,22;4,07;Negativno;Ne
784;8,3;-55,0;5,99;3,55;Negativno;Ne
785;4,4;-73,0;6,43;0,6;Negativno;Ne
786;14,6;-19,9;7,28;3,999343196752312;Pozitivno;Da
787;11,8;-40,0;6,31;5,03;Negativno;Ne
788;14,2;-16,4;6,8;1,98;Negativno;Ne
789;8,8;-71,4;7,68;5,69;Negativno;Ne
790;9,8;-72,4;7,01;1,39;Negativno;Ne
791;1,4;-61,8;6,91;3,0;Negativno;Ne
792;3,1;-42,6;6,42;1,1;Negativno;Ne
793;3,6;-76,1;6,96;5,13;Negativno;Ne
794;10,5;-40,5;6,7;0,66;Negativno;Ne
795;7,3;-67,5;7,63;5,74;Negativno;Ne
796;8,1;-32,3;7,69;6,0;Negativno;Ne
797;3,5;-30,6;6,28;4,79;Negativno;Ne
798;12,0;-67,8;6,78;5,13;Negativno;Ne
799;8,2;-51,5;6,75;4,71;Negativno;Ne
800;11,4;-58,2;7,38;2,69;Negativno;Ne
801;13,5;-64,1;6,45;4,22;Negativno;Ne
802;8,0;-54,2;7,27;0,1;Negativno;Ne
803;3,0;-46,5;8,26;1,15;Pozitivno;Ne
804;12,3;-46,7;7,15;1,45;Negativno;Ne
805;12,4;-50,5;7,07;1,42;Negativno;Ne
806;4,2;-41,2;6,48;2,77;Negativno;Ne
807;1,1;-48,8;7,14;4,65;Negativno;Da
808;7,9;-43,9;7,22;0,62;Negativno;Ne
809;11,3;-46,5;7,4;2,02;Negativno;Ne
810;2,5;-50,2;6,26;4,95;Negativno;Ne
811;5,9;-45,2;6,53;1,95;Negativno;Ne
812;7,9;-39,9;7,04;5,71;Negativno;Ne
813;11,6;-29,6;7,18;0,58;Negativno;Ne
814;9,3;-73,3;6,74;2,43;Negativno;Ne
815;8,8;-60,6;6,73;0,6;Negativno;Ne
816;13,7;-42,3;7,57;2,29;Negativno;Ne
817;4,3;-31,2;7,09;3,52;Pozitivno;Ne
818;12,7;-46,8;6,48;0,66;Negativno;Ne
819;4,7;-58,0;7,58;0,97;Negativno;Ne
820;7,1;-49,8;6,69;2,29;Negativno;Ne
821;14,7;-62,6;7,35;4,84;Negativno;Ne
822;13,7;-42,7;6,91;5,47;Negativno;Ne
823;3,5;-44,4;7,95;0,27;Pozitivno;Ne
824;12,5;-58,1;6,79;2,61;Negativno;Ne
825;6,7;-50,3;6,97;5,24;Negativno;Ne
826;6,5;-27,8;7,1;2,78;Negativno;Ne
827;8,7;-75,5;7,12;2,51;Negativno;Ne
828;2,2;-63,3;7,66;5,23;Negativno;Ne
829;2,0;-58,7;6,59;3,44;Negativno;Da
830;1,9;-29,5;7,1;3,54;Negativno;Ne
831;9,4;-18,4;6,99;3,61;Negativno;Ne
832;11,3;-63,0;7,12;1,4;Negativno;Ne
833;0,3;-56,4;7,32;1,76;Negativno;Ne
834;14,4;-47,4;6,75;0,12;Negativno;Ne
835;9,6;-58,5;7,3;2,45;Negativno;Ne
836;3,5;-14,1;7,48;5,37;Negativno;Ne
837;2,2;-55,3;6,88;2,25;Negativno;Ne
838;9,0;-51,7;7,39;0,88;Negativno;Da
839;6,8;-53,3;7,28;4,32;Negativno;Ne
840;1,9;-73,5;6,87;1,67;Negativno;Ne
841;14,8;-55,2;6,25;3,17;Negativno;Ne
842;5,6;-59,6;6,98;5,39;Negativno;Da
843;4,5;-74,1;6,39;2,91;Negativno;Ne
844;2,6;-80,5;6,32;0,98;Negativno;Ne
845;9,7;-48,5;6,87;5,96;Negativno;Ne
846;13,1;-41,4;5,56;4,14;Negativno;Ne
847;0,8;-46,3;7,25;1,48;Negativno;Ne
848;12,4;-61,5;6,97;2,24;Negativno;Ne
849;2,8;-11,6;7,26;2,98;Negativno;Ne
850;13,1;-23,9;6,97;5,48;Negativno;Ne
851;11,4;-67,8;6,88;1,51;Negativno;Ne
852;1,3;-43,2;7,05;3,22;Negativno;Ne
853;1,0;-50,3;6,84;3,19;Negativno;Ne
854;12,2;-51,7;6,99;4,13;Negativno;Ne
855;7,8;-30,9;7,45;5,58;Negativno;Ne
856;15,0;-47,5;7,35;3,02;Negativno;Da
857;10,5;-35,7;6,72;4,42;Negativno;Ne
858;5,0;-45,3;6,18;4,17;Negativno;Ne
859;4,5;-41,2;7,54;4,73;Pozitivno;Ne
860;11,9;-57,6;8,62;3,9;Negativno;Ne
861;0,7;-62,4;6,71;5,58;Negativno;Ne
862;0,5;-67,6;7,13;4,28;Negativno;Ne
863;2,3;-49,0;6,27;5,81;Negativno;Ne
864;1,2;-45,2;6,51;2,23;Negativno;Ne
865;1,8;-31,8;5,62;0,5;Negativno;Ne
866;6,5;-51,7;7,79;4,44;Negativno;Ne
867;6,4;-34,7;6,88;2,16;Negativno;Ne
868;2,1;-35,1;6,98;5,0;Negativno;Ne
869;5,3;-30,5;6,88;2,36;Negativno;Ne
870;1,8;-26,2;6,83;4,62;Pozitivno;Ne
871;14,8;-54,5;6,84;4,56;Negativno;Ne
872;5,7;-62,0;6,89;2,38;Negativno;Ne
873;5,1;-43,0;6,84;1,2;Negativno;Ne
874;12,2;-59,4;7,28;3,07;Negativno;Ne
875;5,2;-64,0;7,55;4,48;Negativno;Ne
876;10,5;-54,6;6,5;5,63;Negativno;Ne
877;6,6;-37,0;7,55;3,9;Negativno;Ne
878;9,4;-27,5;7,54;2,69;Negativno;Ne
879;0,3;-35,5;7,72;5,24;Negativno;Ne
880;9,6;-58,4;6,62;1,49;Negativno;Ne
881;3,6;-22,8;7,17;3,76;Negativno;Ne
882;3,2;-65,1;7,0;5,37;Negativno;Ne
883;4,3;-58,8;6,64;4,68;Negativno;Ne
884;8,4;-53,4;6,68;4,08;Negativno;Ne
885;7,0;-71,0;6,9;5,27;Negativno;Ne
886;2,6;-39,8;6,29;3,69;Negativno;Ne
887;13,6;-57,1;6,88;2,19;Negativno;Ne
888;11,9;-51,2;7,36;0,6;Negativno;Ne
889;3,9;-47,3;6,28;5,2;Negativno;Ne
890;7,0;-58,9;7,15;4,4;Negativno;Ne
891;12,5;-48,9;7,21;0,61;Negativno;Ne
892;2,1;-50,2;7,3;4,36;Negativno;Ne
893;14,6;-33,5;6,76;5,84;Negativno;Ne
894;5,0;-61,8;7,85;0,45;Negativno;Ne
895;1,2;-73,6;7,77;0,66;Negativno;Ne
896;3,0;-49,7;7,04;2,04;Negativno;Ne
897;10,2;-42,7;6,91;3,89;Pozitivno;Ne
898;8,9;-53,1;6,98;1,94;Negativno;Ne
899;6,6;-33,1;7,22;4,23;Negativno;Ne
900;11,3;-18,2;6,73;7,349973187039453;Pozitivno;Da
901;8,9;-53,7;6,29;4,03;Negativno;Ne
902;3,8;-63,4;7,69;1,09;Negativno;Ne
903;13,4;-49,7;6,71;4,08;Negativno;Ne
904;8,0;-54,4;7,62;2,17;Negativno;Ne
905;7,1;-38,9;6,5;3,78;Negativno;Ne
906;11,5;-45,7;7,95;4,75;Negativno;Ne
907;3,9;-31,5;6,42;0,64;Negativno;Ne
908;3,6;-65,1;7,11;3,6;Negativno;Ne
909;4,8;-60,9;6,99;4,33;Negativno;Ne
910;2,1;-58,9;7,36;0,62;Negativno;Ne
911;6,7;-51,2;6,02;3,19;Negativno;Ne
912;10,8;-63,4;6,26;4,2;Pozitivno;Ne
913;8,9;-59,6;7,59;1,97;Negativno;Ne
914;13,7;-30,1;6,34;4,48;Negativno;Ne
915;8,5;-36,2;7,62;3,88;Negativno;Ne
916;10,3;-44,5;7,14;5,28;Negativno;Da
917;1,9;-55,8;7,15;1,78;Pozitivno;Ne
918;1,0;-41,3;6,99;3,11;Negativno;Ne
919;0,5;-45,8;7,19;2,86;Negativno;Da
920;11,6;-68,4;6,67;5,86;Negativno;Ne
921;11,9;-43,2;7,48;2,48;Negativno;Ne
922;1,2;-39,7;7,35;4,76;Negativno;Ne
923;6,9;-58,2;6,07;4,54;Pozitivno;Ne
924;11,1;-59,3;7,17;0,38;Negativno;Ne
925;9,2;-31,7;6,26;0,26;Negativno;Ne
926;13,0;-50,5;7,1;3,61;Negativno;Ne
927;6,7;-29,5;7,37;5,46;Negativno;Da
928;5,9;-42,1;6,93;3,37;Negativno;Ne
929;6,6;-63,6;6,59;2,93;Negativno;Ne
930;2,8;-42,6;6,7;0,88;Negativno;Ne
931;6,6;-46,6;6,8;5,48;Negativno;Ne
932;3,4;-70,6;7,28;3,99;Negativno;Ne
933;3,3;-47,3;7,49;3,46;Negativno;Ne
934;14,3;-46,2;7,02;1,54;Negativno;Ne
935;4,5;-36,2;6,89;1,74;Negativno;Ne
936;2,4;-54,9;6,69;3,71;Negativno;Ne
937;3,7;-42,7;7,17;4,45;Negativno;Ne
938;4,0;-64,9;6,93;2,42;Negativno;Ne
939;9,7;-46,1;6,01;5,63;Negativno;Ne
940;5,3;-39,5;8,24;4,15;Negativno;Ne
941;12,5;-60,9;7,18;3,83;Negativno;Ne
942;14,3;-58,8;7,22;5,66;Negativno;Ne
943;6,6;-52,9;8,04;0,95;Negativno;Ne
944;1,1;-13,6;6,37;4,606618789567781;Pozitivno;Da
945;4,9;-16,8;6,34;3,9666187895677814;Pozitivno;Da
946;14,3;-55,4;7,99;5,23;Negativno;Ne
947;8,1;-52,6;6,67;4,7;Pozitivno;Ne
948;3,7;-37,6;6,92;0,76;Negativno;Ne
949;13,2;-59,2;6,51;5,91;Negativno;Ne
950;10,1;-41,8;6,5;1,01;Negativno;Ne
951;6,5;-49,4;7,96;3,78;Negativno;Ne
952;4,9;-25,7;6,82;0,23;Negativno;Ne
953;10,3;-77,0;7,5;5,62;Negativno;Ne
954;1,8;-57,0;8,5;1,17;Pozitivno;Ne
955;5,8;-43,3;6,67;1,85;Negativno;Ne
956;12,0;-66,1;6,65;5,31;Negativno;Ne
957;9,6;-15,7;6,57;7,839973187039452;Pozitivno;Da
958;8,7;-63,6;7,24;1,69;Negativno;Da
959;4,5;-36,0;7,81;3,83;Negativno;Ne
960;1,4;-60,1;6,3;3,37;Negativno;Ne
961;11,9;-64,6;7,33;1,29;Pozitivno;Ne
962;5,5;-55,8;6,56;2,46;Negativno;Ne
963;3,1;-54,3;6,86;0,34;Negativno;Ne
964;10,1;-74,6;7,59;1,75;Negativno;Ne
965;0,5;-40,4;6,47;2,44;Negativno;Ne
966;8,7;-33,1;6,74;0,28;Negativno;Ne
967;6,9;-12,9;8,08;1,62;Negativno;Ne
968;3,1;-41,4;6,75;2,85;Negativno;Ne
969;11,3;-47,3;7,83;2,36;Negativno;Ne
970;12,2;-73,8;7,55;4,21;Negativno;Ne
971;3,3;-30,6;7,73;0,97;Negativno;Ne
972;12,1;-80,6;7,29;3,45;Negativno;Ne
973;7,8;-48,2;6,69;3,47;Negativno;Ne
974;13,4;-66,7;6,78;0,35;Negativno;Ne
975;12,7;-38,3;7,08;5,54;Negativno;Ne
976;3,4;-14,7;7,37;4,259973187039453;Pozitivno;Da
977;13,0;-60,4;6,68;0,4;Negativno;Ne
978;12,4;-42,6;7,63;4,04;Negativno;Ne
979;13,0;-44,1;6,31;4,67;Negativno;Ne
980;7,5;-40,1;7,38;1,48;Negativno;Ne
981;2,7;-61,1;6,71;2,58;Pozitivno;Ne
982;10,6;-38,5;6,9;1,26;Negativno;Ne
983;2,8;-47,8;6,59;4,63;Negativno;Ne
984;14,3;-56,6;5,93;4,29;Negativno;Ne
985;13,7;-44,4;6,32;4,98;Negativno;Ne
986;9,7;-34,6;6,76;3,23;Negativno;Ne
987;14,6;-60,2;7,47;5,75;Negativno;Ne
988;2,6;-6,7;7,3;4,629343196752312;Pozitivno;Da
989;10,5;-39,6;6,99;2,97;Negativno;Ne
990;12,1;-48,2;6,58;4,15;Negativno;Ne
991;13,8;-38,2;6,98;0,12;Negativno;Ne
992;13,5;-41,2;7,02;0,92;Negativno;Ne
993;11,6;-41,1;7,17;1,17;Negativno;Ne
994;10,7;-37,2;6,97;5,77;Negativno;Ne
995;13,1;-58,2;6,62;5,29;Negativno;Ne
996;14,3;-61,0;7,45;0,99;Negativno;Ne
997;11,7;-58,8;6,63;1,07;Pozitivno;Ne
998;10,3;-11,0;7,06;4,489343196752312;Pozitivno;Da
999;5,2;-38,5;6,19;5,21;Negativno;Ne
1000;2,6;-30,8;7,15;0,85;Negativno;Da
1001;8,9;-52,6;7,28;5,31;Negativno;Ne
1002;1,0;-80,9;7,39;3,0;Negativno;Ne
1003;13,7;-20,6;8,33;1,95;Negativno;Ne
1004;8,8;-36,8;6,17;0,81;Negativno;Ne
1005;9,8;-43,9;7,2;4,28;Negativno;Ne
1006;10,7;-51,0;7,41;0,41;Negativno;Ne
1007;11,5;-63,4;7,17;4,87;Negativno;Ne
1008;7,5;-31,3;7,57;0,17;Negativno;Ne
1009;1,9;-44,5;6,45;5,0;Pozitivno;Da
1010;5,0;-29,0;7,24;1,93;Negativno;Ne
1011;11,2;-56,3;6,7;2,49;Negativno;Ne
1012;2,1;-63,7;6,69;1,87;Pozitivno;Ne
1013;1,4;-49,4;6,81;4,4;Negativno;Ne
1014;10,5;-67,6;7,24;4,58;Negativno;Ne
1015;9,0;-64,0;6,75;3,79;Negativno;Ne
1016;10,8;-30,9;7,22;4,39;Negativno;Ne
1017;1,1;-51,1;6,8;2,03;Negativno;Ne
1018;3,9;-52,9;6,97;0,16;Negativno;Ne
1019;13,4;-74,1;6,73;5,41;Negativno;Ne
1020;5,8;-46,8;7,35;1,23;Negativno;Ne
1021;10,6;-37,3;7,68;5,86;Negativno;Da
1022;12,9;-44,6;7,07;3,66;Negativno;Ne
1023;9,8;-48,7;7,06;3,07;Negativno;Ne
1024;13,2;-46,9;7,67;0,24;Negativno;Ne
1025;10,5;-52,2;7,64;1,06;Negativno;Ne
1026;7,1;-48,1;7,16;2,78;Negativno;Ne
1027;14,0;-51,3;7,59;0,19;Negativno;Ne
1028;12,4;-68,2;7,06;0,38;Negativno;Ne
1029;14,1;-34,5;7,33;3,11;Negativno;Ne
1030;4,3;-66,3;7,02;2,9;Negativno;Ne
1031;6,4;-43,9;7,08;0,83;Negativno;Ne
1032;0,2;-73,5;7,3;3,96;Negativno;Ne
1033;14,0;-50,1;7,17;3,14;Negativno;Ne
1034;6,2;-41,2;6,72;5,68;Negativno;Ne
1035;2,4;-32,6;7,23;4,9;Negativno;Ne
1036;0,3;-37,3;7,1;2,18;Negativno;Ne
1037;7,4;-39,1;6,88;4,92;Negativno;Ne
1038;11,7;-44,8;7,21;2,95;Negativno;Ne
1039;4,4;-75,3;5,72;5,02;Negativno;Ne
1040;10,9;-50,5;6,86;5,85;Negativno;Ne
1041;13,6;-61,7;7,06;1,21;Pozitivno;Ne
1042;12,3;-52,8;6,96;3,65;Negativno;Ne
1043;15,0;-39,9;7,03;0,63;Negativno;Ne
1044;5,8;-61,0;6,5;1,8;Negativno;Ne
1045;11,0;-60,2;6,49;2,44;Negativno;Da
1046;6,6;-63,9;6,74;5,14;Negativno;Ne
1047;0,4;-43,8;6,67;3,91;Negativno;Da
1048;13,6;-45,7;6,47;3,19;Negativno;Ne
1049;9,4;-59,7;5,8;5,27;Negativno;Ne
1050;12,1;-16,8;6,95;0,57;Pozitivno;Ne
1051;9,1;-52,6;8,09;4,61;Negativno;Ne
1052;2,3;-77,8;6,81;1,82;Negativno;Ne
1053;5,4;-62,9;7,33;0,47;Negativno;Ne
1054;8,6;-49,2;6,87;4,92;Pozitivno;Ne
1055;9,7;-53,0;6,51;2,33;Negativno;Ne
1056;6,0;-32,9;7,38;1,94;Negativno;Ne
1057;2,0;-19,3;6,89;4,619973187039452;Pozitivno;Da
1058;10,0;-63,9;7,21;2,33;Pozitivno;Ne
1059;5,0;-36,7;7,32;3,43;Negativno;Ne
1060;9,7;-49,9;6,43;2,29;Negativno;Ne
1061;8,3;-51,9;7,03;5,35;Negativno;Ne
1062;10,6;-14,0;8,13;3,5999731870394522;Pozitivno;Da
1063;8,1;-34,4;7,26;2,42;Negativno;Ne
1064;6,0;-25,7;6,68;2,47;Negativno;Ne
1065;0,1;-58,9;6,6;2,1;Negativno;Ne
1066;0,6;-70,6;6,76;1,55;Negativno;Ne
1067;9,3;-77,9;7,2;2,13;Negativno;Ne
1068;8,8;-54,9;7,42;2,24;Negativno;Ne
1069;6,8;-42,9;6,56;1,0;Pozitivno;Ne
1070;11,5;-48,1;6,7;1,02;Negativno;Ne
1071;3,0;-27,9;6,95;2,14;Negativno;Ne
1072;5,6;-35,5;7,23;0,19;Negativno;Ne
1073;14,1;-61,8;6,42;5,02;Negativno;Ne
1074;8,8;-43,4;6,43;3,87;Negativno;Ne
1075;9,4;-38,6;6,6;4,38;Negativno;Ne
1076;13,8;-49,3;7,3;1,83;Pozitivno;Ne
1077;13,0;-38,5;7,24;0,66;Negativno;Da
1078;11,3;-42,2;6,65;5,84;Negativno;Ne
1079;6,1;-43,2;6,53;5,5;Negativno;Ne
1080;8,5;-64,0;7,37;4,58;Negativno;Ne
1081;7,3;-61,2;6,89;1,48;Negativno;Ne
1082;6,1;-34,7;6,31;3,97;Negativno;Ne
1083;4,6;-63,6;6,7;0,53;Negativno;Ne
1084;0,7;-71,1;7,32;4,23;Negativno;Ne
1085;10,9;-30,5;6,13;3,67;Pozitivno;Ne
1086;13,6;-62,2;7,33;0,91;Pozitivno;Ne
1087;11,1;-45,6;7,16;2,7;Negativno;Ne
1088;6,3;-58,8;7,05;5,91;Negativno;Ne
1089;14,0;-14,2;7,23;2,93;Negativno;Ne
1090;3,8;-27,7;6,6;0,46;Negativno;Ne
1091;12,8;-50,8;7,14;3,0;Negativno;Ne
1092;1,0;-35,5;6,9;4,08;Negativno;Ne
1093;7,3;-57,7;6,6;2,2;Pozitivno;Ne
1094;5,5;-50,2;7,38;0,86;Negativno;Ne
1095;11,0;-59,3;7,59;4,03;Negativno;Ne
1096;13,2;150,0;-2,0;3,3;Pozitivno;Da
1097;3,7;-51,3;6,25;3,96;Negativno;Ne
1098;14,0;-46,0;7,09;0,38;Negativno;Ne
1099;6,6;-27,8;7,36;4,1;Negativno;Ne
1100;5,4;-77,7;6,64;5,55;Negativno;Ne
1101;2,0;-70,7;6,72;1,84;Negativno;Ne
1102;13,1;-34,0;6,78;4,72;Negativno;Ne
1103;5,1;-32,7;7,09;3,8;Negativno;Ne
1104;12,3;-66,0;6,8;5,95;Negativno;Ne
1105;3,5;-56,9;6,96;4,94;Negativno;Ne
1106;10,0;-62,5;7,57;0,94;Negativno;Ne
1107;6,5;-28,0;5,76;1,28;Negativno;Ne
1108;0,3;-45,0;7,12;0,38;Pozitivno;Ne
1109;5,4;-45,4;6,35;4,24;Negativno;Ne
1110;8,7;-55,6;6,55;4,15;Pozitivno;Ne
1111;10,0;-64,4;7,31;0,53;Negativno;Ne
1112;10,0;-35,8;7,08;2,01;Negativno;Ne
1113;2,0;-65,6;7,94;5,44;Negativno;Ne
1114;7,2;-68,0;6,83;4,8;Negativno;Ne
1115;9,5;-56,7;5,96;4,72;Negativno;Ne
1116;2,7;-68,0;6,9;4,91;Negativno;Ne
1117;1,3;-40,4;7,07;0,59;Negativno;Ne
1118;12,1;-61,5;6,81;2,6;Negativno;Ne
1119;2,9;-55,4;7,29;0,4;Negativno;Ne
1120;8,6;-77,4;7,65;5,9;Negativno;Ne
1121;15,0;-51,6;7,71;3,49;Negativno;Ne
1122;0,5;-54,2;7,78;3,04;Negativno;Ne
1123;10,6;-57,6;6,82;4,55;Negativno;Ne
1124;4,7;-43,6;6,48;6,0;Negativno;Ne
1125;8,4;-33,9;7,06;4,79;Negativno;Ne
1126;6,9;-57,4;7,15;3,34;Negativno;Ne
1127;12,2;-65,6;7,22;2,49;Pozitivno;Ne
1128;5,2;-30,6;7,42;3,44;Negativno;Ne
1129;5,0;-25,5;7,59;3,93;Negativno;Ne
1130;6,9;-42,9;6,03;4,7;Pozitivno;Ne
1131;6,1;-47,2;6,53;2,48;Negativno;Ne
1132;5,9;-26,1;7,41;3,69;Negativno;Ne
1133;7,8;-48,1;6,4;5,92;Negativno;Ne
1134;9,2;-52,1;6,51;4,17;Negativno;Ne
1135;8,9;-44,7;5,95;2,17;Negativno;Ne
1136;10,7;-51,2;6,77;4,73;Negativno;Ne
1137;14,6;-50,2;7,09;4,54;Negativno;Ne
1138;0,4;-55,7;7,29;4,46;Negativno;Ne
1139;0,3;-47,6;7,54;5,11;Negativno;Ne
1140;7,4;-65,6;6,87;3,26;Negativno;Ne
1141;12,6;-40,4;7,96;2,07;Negativno;Ne
1142;14,2;-26,7;6,52;2,7;Negativno;Ne
1143;7,0;-43,7;6,95;3,62;Negativno;Ne
1144;6,9;-45,1;6,73;1,15;Negativno;Ne
1145;6,8;-42,5;7,67;0,54;Negativno;Ne
1146;13,9;-73,3;7,48;2,38;Negativno;Ne
1147;9,1;-36,0;7,15;4,85;Negativno;Ne
1148;10,2;-56,0;7,29;3,35;Negativno;Ne
1149;10,7;-44,1;7,3;3,63;Negativno;Ne
1150;10,3;-60,3;6,54;4,36;Negativno;Ne
1151;2,2;-28,0;7,21;4,2;Negativno;Da
1152;0,2;-55,4;7,33;3,15;Negativno;Ne
1153;4,3;-58,0;6,88;4,52;Negativno;Ne
1154;7,9;-46,4;6,43;1,47;Negativno;Ne
1155;1,9;-39,3;6,86;4,79;Negativno;Ne
1156;13,4;-45,2;7,28;2,18;Negativno;Ne
1157;6,3;-56,6;6,88;4,3;Negativno;Ne
1158;3,2;-18,9;7,18;2,59;Negativno;Ne
1159;0,3;-58,7;7,03;5,31;Negativno;Ne
1160;3,4;-64,0;7,63;3,2;Negativno;Ne
1161;3,6;-61,6;7,46;5,55;Negativno;Ne
1162;14,5;-33,6;6,42;5,44;Negativno;Ne
1163;7,9;-63,7;7,24;3,2;Pozitivno;Ne
1164;11,4;-16,4;7,58;4,63;Negativno;Ne
1165;14,9;-33,9;7,16;5,14;Negativno;Ne
1166;2,5;-33,3;7,17;5,17;Pozitivno;Da
1167;10,3;-65,8;6,67;5,96;Negativno;Ne
1168;2,3;-55,1;7,65;2,38;Negativno;Ne
1169;10,4;-60,4;6,96;0,51;Negativno;Ne
1170;2,0;-67,3;6,97;3,64;Negativno;Ne
1171;0,9;-62,5;6,8;2,89;Negativno;Ne
1172;7,8;-47,6;6,88;3,05;Negativno;Ne
1173;4,7;-33,6;7,11;4,86;Negativno;Ne
1174;12,8;-51,0;7,4;3,49;Negativno;Ne
1175;7,7;-34,9;6,52;0,61;Negativno;Ne
1176;6,4;-66,6;7,24;0,66;Negativno;Ne
1177;12,2;-39,9;6,58;1,05;Negativno;Ne
1178;5,0;-53,8;7,38;3,04;Negativno;Ne
1179;13,8;-53,3;7,89;5,02;Negativno;Ne
1180;11,9;-56,7;7,48;4,85;Negativno;Ne
1181;12,1;-62,8;6,76;0,45;Negativno;Ne
1182;1,9;-38,2;7,27;1,38;Negativno;Ne
1183;9,2;-93,9;7,31;4,55;Negativno;Ne
1184;12,9;-54,8;7,16;1,31;Negativno;Ne
1185;3,5;-44,9;6,5;3,35;Negativno;Ne
1186;4,6;-23,6;7,41;4,63;Negativno;Ne
1187;0,9;-58,8;6,85;2,78;Pozitivno;Ne
1188;1,5;-53,1;6,31;0,53;Negativno;Ne
1189;3,1;-58,2;6,82;4,33;Negativno;Ne
1190;8,1;-51,0;6,84;2,9;Negativno;Ne
1191;10,1;-71,3;7,19;1,75;Negativno;Ne
1192;0,3;-57,4;7,16;0,92;Negativno;Ne
1193;14,9;-81,7;6,75;1,06;Negativno;Ne
1194;11,6;-50,9;6,36;5,06;Negativno;Ne
1195;5,9;-55,2;6,82;0,39;Negativno;Ne
1196;2,0;-76,2;7,57;4,69;Negativno;Ne
1197;3,4;-52,5;6,89;2,11;Negativno;Ne
1198;13,7;-41,8;6,56;2,62;Negativno;Ne
1199;0,4;-36,6;7,22;4,05;Negativno;Ne
1200;6,4;-21,2;7,72;3,03;Negativno;Da
1201;10,5;-38,8;7,37;5,12;Negativno;Ne
1202;5,0;-64,0;6,93;2,57;Negativno;Ne
1203;7,2;-32,1;6,63;2,34;Negativno;Ne
1204;12,0;-39,1;7,27;5,5;Negativno;Ne
1205;6,0;-59,2;7,39;0,83;Negativno;Ne
1206;4,0;-63,8;7,18;4,7;Negativno;Ne
1207;8,2;-56,0;6,7;1,54;Negativno;Ne
1208;7,6;-56,5;7,14;1,91;Negativno;Ne
1209;0,3;-30,2;8,09;1,27;Negativno;Ne
1210;0,3;-52,8;6,73;0,75;Negativno;Ne
1211;2,9;-33,0;6,24;1,18;Negativno;Ne
1212;12,2;-71,9;7,06;3,33;Negativno;Ne
1213;7,0;-59,0;6,82;5,19;Negativno;Ne
1214;1,5;-52,5;6,82;1,25;Negativno;Ne
1215;5,0;-53,3;7,37;1,29;Negativno;Ne
1216;11,4;-59,1;6,47;0,48;Pozitivno;Ne
1217;0,9;-47,9;6,98;2,47;Negativno;Ne
1218;3,4;-88,0;7,74;1,23;Pozitivno;Ne
1219;14,9;-30,2;7,19;4,85;Negativno;Ne
1220;0,4;-77,4;6,81;5,64;Negativno;Ne
1221;7,1;-39,0;6,58;2,8;Negativno;Ne
1222;7,2;-16,6;6,87;5,899343196752312;Pozitivno;Da
1223;5,2;-46,8;7,42;4,24;Negativno;Ne
1224;4,6;-40,0;6,86;4,54;Negativno;Ne
1225;6,4;-61,5;7,01;2,29;Negativno;Ne
1226;12,0;-41,3;7,06;4,14;Negativno;Ne
1227;13,5;-49,2;6,84;2,24;Negativno;Ne
1228;4,7;-40,6;6,89;2,87;Negativno;Ne
1229;7,7;-74,2;7,52;2,22;Negativno;Ne
1230;5,5;-49,7;6,29;4,86;Negativno;Ne
1231;5,9;-50,2;6,86;1,97;Negativno;Ne
1232;12,3;-43,1;7,52;5,97;Negativno;Ne
1233;4,7;-49,1;5,97;5,91;Negativno;Ne
1234;6,4;-48,1;7,57;3,42;Negativno;Ne
1235;3,0;-32,1;7,81;1,59;Negativno;Ne
1236;12,5;-46,2;7,24;2,83;Negativno;Ne
1237;2,6;-52,2;6,77;2,46;Negativno;Ne
1238;8,7;-45,9;6,8;2,42;Negativno;Ne
1239;5,3;-35,7;7,78;3,03;Negativno;Ne
1240;12,9;-49,3;6,44;3,23;Negativno;Ne
1241;9,3;-61,7;7,76;5,72;Negativno;Ne
1242;6,2;-58,2;6,1;0,39;Negativno;Ne
1243;8,6;150,0;-2,0;3,35;Pozitivno;Ne
1244;0,3;-59,5;7,5;5,82;Pozitivno;Ne
1245;13,1;-51,5;7,54;3,1;Negativno;Ne
1246;8,2;-61,9;6,06;2,58;Negativno;Ne
1247;3,6;-65,9;6,39;3,8;Negativno;Ne
1248;5,1;-44,4;7,06;3,63;Pozitivno;Ne
1249;8,0;-45,5;7,21;4,94;Negativno;Ne
1250;3,6;-71,1;6,9;5,44;Negativno;Ne
1251;9,2;-61,6;7,78;5,66;Negativno;Ne
1252;3,7;-45,6;7,07;2,3;Pozitivno;Ne
1253;1,8;-41,7;6,76;5,3;Negativno;Ne
1254;4,2;-29,6;6,12;0,41;Negativno;Ne
1255;14,7;-51,6;7,17;2,07;Negativno;Ne
1256;12,2;-53,0;8,01;0,89;Negativno;Ne
1257;11,5;-29,4;6,68;5,78;Negativno;Ne
1258;13,9;-41,6;7,1;3,4;Negativno;Ne
1259;7,6;-69,7;7,33;5,23;Negativno;Ne
1260;10,2;-36,3;6,71;2,08;Negativno;Ne
1261;15,0;-49,8;6,56;5,26;Negativno;Ne
1262;2,9;-54,3;7,35;1,95;Negativno;Ne
1263;13,7;-23,9;7,11;3,57;Negativno;Ne
1264;7,0;-52,4;7,64;2,5;Negativno;Ne
1265;4,8;-67,8;6,71;1,14;Pozitivno;Ne
1266;6,0;-50,1;7,09;5,33;Negativno;Ne
1267;14,2;-49,3;6,34;4,05;Negativno;Ne
1268;1,0;-42,0;7,54;2,45;Negativno;Ne
1269;1,8;-53,1;6,76;1,69;Negativno;Ne
1270;2,2;-85,3;7,74;2,71;Negativno;Ne
1271;2,1;-22,0;6,56;4,08;Negativno;Ne
1272;11,7;-57,0;7,01;5,21;Negativno;Ne
1273;14,7;-63,7;6,48;3,95;Negativno;Ne
1274;12,6;-48,4;7,26;4,71;Negativno;Ne
1275;0,8;-51,2;7,09;0,71;Negativno;Ne
1276;10,6;-52,5;7,35;3,84;Negativno;Ne
1277;3,2;-65,4;7,27;3,51;Negativno;Ne
1278;1,9;-58,2;7,04;3,95;Negativno;Ne
1279;1,6;-61,0;6,71;3,86;Negativno;Ne
1280;12,5;-46,4;7,04;4,84;Negativno;Ne
1281;7,9;-80,4;7,51;5,4;Negativno;Ne
1282;2,0;-23,9;6,91;0,54;Negativno;Ne
1283;6,1;-61,7;6,92;2,93;Negativno;Ne
1284;7,9;-46,9;6,09;5,55;Negativno;Ne
1285;0,1;-79,8;6,65;3,38;Negativno;Ne
1286;11,3;-71,0;7,14;5,6;Negativno;Ne
1287;7,4;-63,7;6,95;0,58;Negativno;Ne
1288;3,4;-68,7;6,67;2,53;Negativno;Ne
1289;9,7;-30,0;6,45;1,51;Negativno;Ne
1290;2,1;-71,3;7,76;5,98;Negativno;Ne
1291;10,9;-65,9;7,0;4,48;Negativno;Ne
1292;3,1;-38,0;7,3;3,56;Negativno;Ne
1293;4,9;-47,9;6,74;0,52;Negativno;Ne
1294;9,9;-66,0;7,32;3,97;Negativno;Ne
1295;4,7;-46,9;6,42;1,59;Negativno;Ne
1296;6,2;-36,1;7,56;3,37;Negativno;Ne
1297;12,9;-50,5;7,6;5,34;Negativno;Ne
1298;5,7;-58,3;6,98;1,93;Negativno;Ne
1299;5,4;-6,8;6,56;3,429343196752312;Pozitivno;Da
1300;2,8;-62,3;6,83;2,64;Negativno;Ne
1301;6,3;-24,0;7,5;3,66;Negativno;Ne
1302;5,2;-43,4;6,93;4,09;Negativno;Ne
1303;7,3;-40,9;7,73;3,87;Negativno;Da
1304;9,3;-45,8;7,08;2,52;Negativno;Ne
1305;7,2;-34,5;6,56;2,85;Negativno;Ne
1306;11,8;-27,4;7,14;3,33;Negativno;Ne
1307;12,5;-69,3;7,04;3,0;Negativno;Ne
1308;7,0;-40,0;7,59;2,49;Negativno;Ne
1309;14,0;-43,3;6,62;3,05;Negativno;Ne
1310;14,4;-34,9;6,52;0,92;Negativno;Ne
1311;4,4;-66,6;7,56;4,16;Negativno;Ne
1312;12,6;-26,4;7,23;2,07;Negativno;Ne
1313;8,9;-31,0;6,63;3,38;Pozitivno;Ne
1314;4,7;-59,8;5,31;4,55;Negativno;Ne
1315;5,8;-63,9;7,52;3,79;Negativno;Ne
1316;0,7;-6,4;6,49;8,139343196752312;Pozitivno;Da
1317;12,6;-54,7;6,08;0,73;Negativno;Ne
1318;2,5;-69,2;7,12;4,92;Negativno;Ne
1319;3,9;-41,1;6,33;3,25;Negativno;Ne
1320;2,4;-21,7;7,14;5,49;Negativno;Ne
1321;0,3;-19,9;7,28;3,36;Negativno;Ne
1322;12,1;-63,3;6,59;5,14;Negativno;Ne
1323;14,8;-74,5;6,77;0,31;Negativno;Ne
1324;6,1;-52,0;6,68;4,92;Negativno;Ne
1325;4,1;-41,6;7,68;5,91;Pozitivno;Ne
1326;1,8;-26,0;6,05;4,97;Negativno;Ne
1327;3,0;-67,5;6,64;1,74;Negativno;Ne
1328;8,1;-56,4;7,69;0,12;Negativno;Ne
1329;5,7;-40,3;7,49;1,31;Negativno;Ne
1330;2,6;-16,3;6,87;7,059343196752312;Pozitivno;Da
1331;0,2;-29,6;7,1;1,31;Negativno;Ne
1332;14,7;-90,3;6,5;0,75;Negativno;Ne
1333;14,3;-37,9;6,1;0,85;Negativno;Ne
1334;5,6;-47,1;7,11;1,37;Negativno;Ne
1335;6,2;-46,4;7,2;5,59;Negativno;Ne
1336;3,1;-46,9;6,86;2,79;Negativno;Ne
1337;12,5;-57,2;6,73;2,61;Negativno;Ne
1338;10,1;-71,2;8,5;1,97;Negativno;Ne
1339;10,4;-53,9;7,37;0,17;Negativno;Ne
1340;11,5;-40,6;6,72;4,26;Negativno;Ne
1341;3,1;-61,7;6,09;2,47;Pozitivno;Ne
1342;13,1;-34,4;8,03;5,98;Negativno;Ne
1343;1,5;-53,7;6,85;5,14;Negativno;Ne
1344;10,3;-61,0;7,45;4,04;Pozitivno;Ne
1345;9,2;-43,3;5,91;4,05;Negativno;Ne
1346;14,9;-62,1;6,26;2,54;Negativno;Ne
1347;11,6;-42,3;6,84;2,3;Negativno;Ne
1348;7,9;-53,1;6,24;5,58;Negativno;Ne
1349;14,8;-79,8;7,02;0,69;Negativno;Ne
1350;0,1;-33,2;7,52;3,54;Negativno;Ne
1351;6,4;-50,0;6,56;1,87;Pozitivno;Ne
1352;7,5;-42,4;7,25;4,64;Negativno;Ne
1353;14,1;-55,2;6,82;3,63;Pozitivno;Ne
1354;14,1;-39,8;6,11;0,29;Negativno;Ne
1355;4,1;-22,0;6,14;5,74;Negativno;Ne
1356;2,8;-39,1;7,4;3,26;Negativno;Ne
1357;9,5;-29,4;7,24;5,57;Pozitivno;Ne
1358;8,7;-58,8;7,07;5,87;Negativno;Ne
1359;1,9;-53,1;7,13;4,26;Negativno;Ne
1360;0,3;-49,7;7,07;3,28;Negativno;Ne
1361;7,8;-54,9;7,7;3,5;Negativno;Ne
1362;1,7;-52,0;7,48;2,83;Negativno;Ne
1363;13,6;-49,8;7,77;5,67;Negativno;Ne
1364;12,6;-56,2;6,93;4,97;Negativno;Ne
1365;4,5;-38,5;7,04;2,52;Negativno;Ne
1366;14,9;-53,0;6,78;0,22;Negativno;Ne
1367;1,9;-55,3;6,4;1,26;Negativno;Ne
1368;9,3;-44,7;7,33;2,59;Pozitivno;Ne
1369;4,5;-51,2;7,51;4,21;Negativno;Ne
1370;14,2;-36,6;6,74;4,79;Negativno;Ne
1371;2,3;-30,5;7,25;4,54;Negativno;Ne
1372;2,8;-63,9;5,98;4,26;Negativno;Ne
1373;5,1;-44,8;6,18;0,44;Negativno;Ne
1374;4,7;-56,1;6,89;4,86;Negativno;Ne
1375;2,9;-75,4;7,47;2,79;Negativno;Ne
1376;5,3;-61,7;6,63;0,61;Negativno;Ne
1377;9,7;-55,9;7,13;1,27;Negativno;Ne
1378;10,9;-38,2;7,62;4,06;Negativno;Ne
1379;2,4;-38,4;7,12;4,87;Negativno;Ne
1380;7,6;-58,4;7,1;5,8;Negativno;Ne
1381;5,5;-52,4;7,81;3,23;Negativno;Ne
1382;8,3;-29,6;6,66;0,85;Negativno;Ne
1383;13,9;-42,4;7,16;4,36;Negativno;Ne
1384;1,0;-58,3;7,69;4,96;Negativno;Ne
1385;7,9;-38,3;6,22;0,8;Negativno;Da
1386;12,2;-52,7;7,0;1,57;Negativno;Da
1387;8,0;-42,8;7,5;4,24;Negativno;Ne
1388;2,6;-50,4;7,49;5,41;Negativno;Ne
1389;12,7;-25,1;6,28;4,91;Negativno;Ne
1390;3,1;-59,7;6,71;2,49;Negativno;Ne
1391;2,1;-57,3;7,09;2,01;Negativno;Ne
1392;0,1;-64,5;6,43;4,87;Negativno;Ne
1393;11,6;-57,4;7,62;5,26;Negativno;Ne
1394;13,8;-52,6;6,53;2,36;Negativno;Ne
1395;10,3;-43,0;7,13;0,85;Negativno;Ne
1396;13,1;-58,6;6,81;0,2;Negativno;Ne
1397;7,2;-47,8;7,42;5,78;Negativno;Ne
1398;5,5;-49,9;6,62;4,09;Negativno;Ne
1399;4,9;-61,0;6,93;1,7;Negativno;Ne
1400;7,5;-37,4;6,89;5,91;Negativno;Ne
1401;9,4;-24,5;6,96;4,88;Negativno;Ne
1402;14,3;-51,4;7,06;5,1;Negativno;Ne
1403;13,5;-53,0;6,39;5,52;Negativno;Ne
1404;4,9;-35,1;6,92;0,61;Negativno;Ne
1405;12,0;-66,0;7,23;2,9;Negativno;Ne
1406;2,4;-52,5;7,19;1,69;Negativno;Ne
1407;12,3;-48,3;7,98;4,19;Negativno;Ne
1408;11,5;-38,3;6,75;3,5;Negativno;Ne
1409;5,3;-57,4;6,2;5,41;Negativno;Ne
1410;8,9;-81,9;6,64;2,6;Pozitivno;Ne
1411;6,1;-45,7;6,65;3,12;Negativno;Ne
1412;2,3;-19,9;7,09;4,05;Negativno;Ne
1413;2,0;-66,7;7,23;4,06;Negativno;Ne
1414;9,7;-74,3;7,76;2,59;Negativno;Ne
1415;9,3;-67,9;6,84;1,38;Negativno;Ne
1416;14,5;-42,5;6,65;2,31;Negativno;Ne
1417;6,9;-32,7;7,58;2,0;Negativno;Ne
1418;6,4;-48,8;6,14;0,37;Negativno;Ne
1419;14,2;-49,7;6,24;3,42;Negativno;Ne
1420;1,5;-44,3;7,04;2,67;Negativno;Ne
1421;6,8;-59,0;6,91;2,14;Negativno;Ne
1422;9,5;-35,6;6,95;5,39;Negativno;Ne
1423;4,9;-31,2;6,89;2,94;Negativno;Ne
1424;14,3;-44,7;7,28;2,61;Negativno;Ne
1425;7,0;-40,7;6,86;0,16;Negativno;Ne
1426;12,4;-65,2;6,77;1,73;Negativno;Ne
1427;3,7;-38,1;6,85;2,24;Negativno;Ne
1428;2,9;-46,4;7,37;0,35;Negativno;Da
1429;7,4;-15,0;6,91;0,98;Negativno;Da
1430;6,7;-65,7;7,13;5,67;Negativno;Ne
1431;9,3;-46,9;6,95;2,55;Negativno;Ne
1432;11,7;-22,0;6,34;4,19;Negativno;Ne
1433;0,3;-10,8;6,88;4,539973187039452;Pozitivno;Da
1434;2,2;-70,1;7,3;0,34;Negativno;Ne
1435;14,0;-7,7;6,79;5,649343196752312;Pozitivno;Da
1436;10,2;-16,8;7,61;4,036618789567781;Pozitivno;Da
1437;13,9;-67,0;6,81;5,73;Negativno;Ne
1438;8,0;-63,2;6,44;1,82;Negativno;Ne
1439;1,6;-56,4;6,24;4,42;Negativno;Ne
1440;3,6;-36,1;7,07;0,82;Negativno;Ne
1441;3,5;-64,7;6,38;0,55;Negativno;Ne
1442;1,0;-28,9;6,18;2,98;Negativno;Ne
1443;4,3;-51,0;7,04;0,73;Negativno;Ne
1444;10,9;-38,6;7,39;2,87;Negativno;Ne
1445;14,2;-71,6;6,23;2,41;Negativno;Ne
1446;3,9;-44,1;7,29;0,25;Negativno;Ne
1447;5,8;-52,2;6,98;3,36;Negativno;Ne
1448;10,3;-49,5;6,94;3,03;Negativno;Ne
1449;13,2;-53,1;7,4;2,68;Negativno;Ne
1450;3,9;-62,7;7,08;2,19;Negativno;Ne
1451;1,3;-72,5;6,83;2,0;Negativno;Ne
1452;7,3;-6,4;7,07;7,829973187039452;Pozitivno;Da
1453;12,5;-62,3;7,27;1,3;Negativno;Ne
1454;7,9;-57,3;6,87;3,94;Negativno;Ne
1455;1,5;-82,5;7,17;1,52;Pozitivno;Ne
1456;10,8;-59,5;6,23;4,64;Negativno;Ne
1457;6,1;-87,6;6,04;4,37;Negativno;Da
1458;7,8;-60,4;7,05;1,27;Negativno;Ne
1459;8,8;-60,6;7,26;4,14;Negativno;Da
1460;5,0;-34,2;7,03;0,11;Pozitivno;Ne
1461;11,6;-30,9;7,57;2,89;Negativno;Ne
1462;9,0;-48,5;7,9;3,84;Negativno;Ne
1463;0,7;-54,8;6,92;5,21;Pozitivno;Ne
1464;7,1;-55,7;7,49;1,98;Negativno;Ne
1465;8,9;-76,1;7,0;0,64;Negativno;Ne
1466;11,5;-45,0;6,24;1,11;Negativno;Ne
1467;12,4;-39,1;7,51;2,06;Negativno;Ne
1468;14,1;-41,3;6,8;4,86;Negativno;Ne
1469;8,1;-42,3;7,22;5,79;Negativno;Ne
1470;2,1;-38,7;7,15;4,98;Negativno;Ne
1471;2,2;-57,8;6,47;4,5;Negativno;Ne
1472;12,8;-50,9;7,31;1,63;Negativno;Ne
1473;13,8;-54,0;6,8;5,29;Negativno;Ne
1474;4,3;-16,1;7,14;5,419343196752312;Pozitivno;Da
1475;13,3;-66,6;6,59;2,61;Negativno;Ne
1476;12,7;-55,8;6,82;3,06;Negativno;Ne
1477;11,6;-62,7;6,66;3,93;Negativno;Ne
1478;11,2;-30,8;6,93;1,35;Negativno;Ne
1479;12,6;-52,6;7,06;2,73;Negativno;Ne
1480;13,1;-27,4;8,03;3,88;Negativno;Ne
1481;7,3;-75,9;7,1;5,78;Pozitivno;Ne
1482;1,9;-57,0;6,91;1,49;Negativno;Ne
1483;7,8;-42,2;6,58;5,62;Negativno;Ne
1484;4,3;-50,7;7,06;2,04;Negativno;Ne
1485;6,6;-50,7;6,35;0,63;Negativno;Ne
1486;4,4;-39,5;7,29;1,52;Negativno;Ne
1487;6,8;-37,7;7,19;3,04;Negativno;Ne
1488;4,0;-51,7;6,52;0,14;Negativno;Ne
1489;14,4;-40,9;7,41;2,87;Pozitivno;Ne
1490;14,0;-34,9;6,82;2,31;Negativno;Ne
1491;1,6;-52,8;8,66;2,65;Negativno;Ne
1492;5,4;-43,2;7,48;0,23;Negativno;Ne
1493;11,0;-66,4;7,02;5,81;Negativno;Ne
1494;13,6;-46,1;6,92;4,41;Negativno;Ne
1495;7,1;-70,8;7,33;5,65;Negativno;Ne
1496;8,2;-63,0;6,86;1,49;Negativno;Ne
1497;10,5;-61,3;6,53;4,03;Negativno;Ne
1498;11,0;-54,2;6,76;1,9;Negativno;Ne
1499;8,5;-61,3;6,71;2,74;Negativno;Ne
1500;12,7;-56,7;7,4;3,61;Negativno;Da
1501;5,9;-46,7;7,5;5,13;Negativno;Ne
1502;6,1;-48,8;6,81;3,17;Negativno;Ne
1503;13,0;-60,3;6,57;4,05;Negativno;Da
1504;5,5;-19,4;6,74;6,0466187895677805;Pozitivno;Da
1505;0,7;-41,0;7,13;2,3;Negativno;Da
1506;10,9;-43,5;7,39;5,43;Negativno;Ne
1507;10,8;-62,3;7,09;2,07;Negativno;Ne
1508;11,4;-71,8;7,22;4,62;Negativno;Ne
1509;11,1;-55,0;6,53;1,32;Negativno;Ne
1510;6,4;-17,9;7,49;3,7599731870394524;Pozitivno;Da
1511;5,4;-52,6;7,6;0,26;Negativno;Da
1512;8,8;-46,6;6,35;2,34;Negativno;Ne
1513;5,1;-59,8;7,38;3,18;Pozitivno;Ne
1514;9,5;-48,9;6,66;0,74;Negativno;Ne
1515;8,7;-64,9;6,57;4,95;Negativno;Ne
1516;0,2;-27,3;7,12;2,62;Negativno;Ne
1517;9,1;-61,0;6,65;3,72;Negativno;Ne
1518;10,5;-52,7;6,58;5,6;Negativno;Ne
1519;13,1;-26,1;7,06;0,93;Negativno;Da
1520;13,1;-78,1;7,41;4,81;Negativno;Ne
1521;6,5;-36,4;7,13;5,67;Negativno;Ne
1522;1,4;-75,2;6,44;5,79;Negativno;Ne
1523;4,3;-29,9;6,11;3,81;Negativno;Ne
1524;7,9;-44,1;6,95;4,66;Negativno;Ne
1525;13,5;-58,7;6,86;2,64;Negativno;Ne
1526;6,6;-48,6;6,45;2,08;Negativno;Ne
1527;9,0;-63,0;7,33;3,5;Negativno;Ne
1528;13,1;-44,3;7,31;3,6;Negativno;Ne
1529;1,6;-50,0;6,26;4,43;Negativno;Ne
1530;8,4;-56,6;7,57;5,96;Negativno;Ne
1531;14,8;-56,1;7,74;2,94;Negativno;Ne
1532;1,1;-17,9;7,64;4,196618789567781;Pozitivno;Da
1533;0,2;-44,4;7,71;3,74;Negativno;Ne
1534;2,1;-47,3;8,18;3,02;Negativno;Ne
1535;14,2;-65,0;6,26;0,43;Negativno;Ne
1536;1,3;-54,1;7,21;1,52;Pozitivno;Ne
1537;2,4;-34,6;7,45;3,98;Pozitivno;Ne
1538;5,6;-56,2;7,1;3,37;Negativno;Ne
1539;1,4;-47,8;6,13;5,47;Negativno;Ne
1540;0,6;-31,0;7,54;0,37;Negativno;Ne
1541;14,6;-61,9;6,68;1,63;Negativno;Ne
1542;8,6;-70,8;7,62;4,29;Negativno;Ne
1543;11,4;-56,4;6,34;3,42;Negativno;Ne
1544;6,2;-50,3;6,96;3,61;Negativno;Ne
1545;1,8;-60,6;6,9;0,29;Negativno;Ne
1546;8,7;-62,8;7,71;5,83;Negativno;Ne
1547;1,3;-55,5;7,29;0,19;Negativno;Ne
1548;11,0;-44,2;6,19;4,73;Negativno;Ne
1549;3,0;-32,6;6,88;1,5;Negativno;Ne
1550;13,1;-54,8;5,95;2,35;Negativno;Ne
1551;12,0;-41,7;7,6;0,13;Negativno;Ne
1552;1,1;-37,0;6,49;2,94;Pozitivno;Ne
1553;2,1;-35,2;6,27;1,58;Negativno;Ne
1554;2,6;-42,9;6,7;4,13;Negativno;Ne
1555;5,7;-58,4;7,42;5,68;Negativno;Ne
1556;14,8;-63,1;7,32;2,87;Negativno;Ne
1557;9,6;-55,7;8,13;4,1;Negativno;Ne
1558;1,1;-37,6;7,61;3,7;Negativno;Da
1559;13,9;-35,2;6,93;0,79;Negativno;Ne
1560;10,8;-51,3;5,64;0,84;Negativno;Ne
1561;12,2;-46,9;8,04;5,53;Negativno;Ne
1562;4,7;-53,0;6,95;3,45;Negativno;Ne
1563;5,2;-60,8;6,73;3,99;Negativno;Ne
1564;11,0;-47,0;6,1;0,1;Negativno;Ne
1565;11,8;-43,3;7,19;0,25;Negativno;Ne
1566;0,4;-54,1;7,03;3,52;Negativno;Ne
1567;5,4;-47,7;7,21;5,5;Negativno;Ne
1568;13,4;-36,4;7,71;5,12;Negativno;Ne
1569;10,3;-61,4;7,1;5,68;Negativno;Ne
1570;4,9;-62,4;6,97;1,32;Negativno;Ne
1571;10,9;-66,6;7,18;3,36;Negativno;Ne
1572;0,4;-53,6;6,62;1,58;Negativno;Ne
1573;9,9;-40,4;7,45;2,2;Negativno;Ne
1574;9,1;-41,0;7,26;3,05;Negativno;Ne
1575;8,3;-55,9;6,54;4,09;Negativno;Ne
1576;14,0;-63,4;6,88;4,88;Negativno;Ne
1577;3,2;-55,8;6,73;5,13;Negativno;Ne
1578;14,1;-62,8;6,94;4,27;Negativno;Ne
1579;14,7;-53,4;6,92;3,23;Negativno;Ne
1580;12,0;-30,0;7,35;0,8;Negativno;Ne
1581;1,6;-71,8;7,12;4,15;Negativno;Ne
1582;8,2;-43,9;7,32;3,03;Negativno;Ne
1583;11,3;-77,7;7,19;0,16;Negativno;Ne
1584;2,1;-46,3;6,79;1,61;Negativno;Ne
1585;3,6;-80,3;6,58;4,87;Negativno;Ne
1586;12,3;-56,4;7,52;0,61;Negativno;Ne
1587;14,9;-43,5;7,84;4,02;Negativno;Ne
1588;11,3;-51,5;6,87;3,4;Pozitivno;Ne
1589;10,0;-63,0;6,74;0,94;Negativno;Ne
1590;11,6;-88,0;6,39;2,36;Negativno;Ne
1591;12,2;-60,9;7,1;5,68;Negativno;Ne
1592;2,4;-37,1;6,63;4,74;Negativno;Ne
1593;4,8;-58,9;7,25;4,74;Negativno;Ne
1594;4,4;-40,2;6,96;3,79;Negativno;Ne
1595;2,1;-34,2;6,96;4,77;Negativno;Da
1596;1,4;-34,7;7,6;1,29;Negativno;Ne
1597;4,4;-71,5;6,92;4,01;Negativno;Ne
1598;13,8;-56,3;7,24;3,37;Negativno;Ne
1599;5,1;-30,0;6,25;3,91;Negativno;Ne
1600;0,7;-65,9;5,99;3,78;Negativno;Ne
1601;14,8;-58,8;7,33;2,76;Negativno;Ne
1602;4,9;-40,5;7,01;3,87;Negativno;Ne
1603;5,2;-63,0;6,67;4,3;Negativno;Ne
1604;4,4;-72,6;6,56;0,38;Negativno;Ne
1605;2,6;-43,4;6,95;3,43;Negativno;Ne
1606;5,0;-63,6;7,09;4,68;Negativno;Ne
1607;0,6;-48,4;6,38;4,55;Negativno;Ne
1608;12,2;-49,0;6,68;0,44;Negativno;Ne
1609;15,0;-51,1;6,72;4,95;Negativno;Ne
1610;6,9;-63,9;6,71;0,83;Negativno;Ne
1611;10,9;-39,8;6,58;1,42;Negativno;Ne
1612;9,7;-35,2;7,58;0,53;Negativno;Ne
1613;8,7;-53,4;8,16;3,2;Negativno;Ne
1614;14,0;-29,6;7,74;4,58;Negativno;Ne
1615;6,6;-14,6;6,95;1,33;Negativno;Ne
1616;9,3;-68,9;6,42;3,91;Negativno;Ne
1617;9,6;-5,4;6,69;3,4393431967523123;Pozitivno;Da
1618;12,9;-55,8;6,83;3,8;Negativno;Ne
1619;3,1;-50,0;7,4;0,87;Negativno;Ne
1620;8,2;-66,8;6,17;5,9;Negativno;Ne
1621;12,4;-38,8;6,57;5,95;Negativno;Ne
1622;8,8;-77,0;5,94;2,8;Negativno;Ne
1623;11,6;-47,7;7,22;3,5;Negativno;Ne
1624;3,2;-40,2;6,4;3,79;Negativno;Ne
1625;5,0;-59,2;6,13;3,25;Negativno;Ne
1626;14,2;-28,4;7,78;5,79;Negativno;Ne
1627;12,4;-38,5;6,87;4,39;Negativno;Ne
1628;8,0;-72,8;7,04;5,02;Negativno;Ne
1629;2,6;-58,5;7,04;3,56;Negativno;Ne
1630;0,1;-21,1;6,42;0,89;Negativno;Da
1631;5,0;-60,4;6,79;5,83;Negativno;Ne
1632;0,3;-47,8;6,98;2,18;Negativno;Ne
1633;4,2;-62,2;6,7;1,66;Negativno;Ne
1634;1,4;-46,0;7,38;1,4;Pozitivno;Ne
1635;4,7;-43,8;7,07;5,12;Negativno;Ne
1636;14,2;-50,5;7,11;4,37;Negativno;Ne
1637;8,8;-71,4;6,51;0,35;Negativno;Ne
1638;4,6;-58,3;6,65;0,57;Negativno;Da
1639;9,5;-17,8;6,6;4,209973187039452;Pozitivno;Da
1640;2,1;-56,5;7,89;3,64;Negativno;Ne
1641;11,2;-59,7;7,14;2,56;Negativno;Ne
1642;1,2;-28,7;7,08;0,27;Negativno;Ne
1643;8,2;-53,8;6,17;1,22;Negativno;Ne
1644;6,7;-61,4;8,31;4,11;Negativno;Ne
1645;14,7;-30,8;6,58;2,58;Negativno;Ne
1646;8,3;-12,5;6,83;4,949973187039452;Pozitivno;Da
1647;8,0;-32,0;5,87;1,32;Negativno;Ne
1648;0,3;-61,4;7,26;3,7;Negativno;Ne
1649;2,9;-53,8;6,34;3,08;Negativno;Ne
1650;14,0;-56,2;6,63;3,57;Negativno;Ne
1651;0,4;-76,3;7,18;1,21;Negativno;Ne
1652;12,2;-40,6;7,33;5,99;Pozitivno;Ne
1653;5,3;-47,5;7,94;4,85;Negativno;Ne
1654;10,3;-47,6;7,43;3,29;Negativno;Ne
1655;1,7;-57,0;7,33;3,94;Negativno;Ne
1656;3,5;-21,5;6,33;3,95;Negativno;Ne
1657;0,8;-68,3;7,15;5,07;Negativno;Ne
1658;12,1;-50,2;6,82;5,27;Negativno;Ne
1659;13,7;-66,5;6,9;2,04;Negativno;Ne
1660;3,8;-63,8;6,61;4,59;Negativno;Ne
1661;4,6;-46,8;6,12;3,29;Negativno;Da
1662;9,7;-45,6;6,46;0,77;Negativno;Ne
1663;7,0;-41,9;7,16;4,67;Negativno;Ne
1664;0,2;-50,9;7,19;2,38;Negativno;Ne
1665;8,4;150,0;-2,0;5,64;Pozitivno;Ne
1666;11,2;-46,6;7,05;3,06;Negativno;Ne
1667;9,0;-23,3;7,08;5,81;Negativno;Ne
1668;4,3;-27,7;7,17;5,91;Negativno;Ne
1669;7,7;-80,8;7,82;1,87;Negativno;Ne
1670;4,9;-57,0;6,03;4,23;Negativno;Ne
1671;8,4;-39,4;7,02;0,84;Negativno;Ne
1672;14,0;-34,9;7,52;1,62;Negativno;Ne
1673;13,7;-43,4;6,35;5,22;Negativno;Ne
1674;1,1;-36,6;6,18;3,04;Negativno;Ne
1675;8,4;-49,1;7,4;2,89;Negativno;Ne
1676;15,0;-58,0;6,69;5,93;Negativno;Ne
1677;9,4;-38,1;6,85;4,79;Negativno;Ne
1678;5,2;-59,9;6,85;3,18;Negativno;Ne
1679;12,0;-56,1;7,31;4,79;Negativno;Ne
1680;5,8;-63,0;6,52;4,73;Negativno;Ne
1681;4,8;-38,6;7,35;5,14;Negativno;Ne
1682;11,9;-34,5;6,61;5,26;Negativno;Ne
1683;5,1;-57,1;6,84;1,47;Negativno;Ne
1684;0,7;-79,5;7,64;3,53;Negativno;Ne
1685;14,0;-33,7;5,83;3,92;Negativno;Da
1686;9,4;-59,0;5,98;0,14;Negativno;Ne
1687;6,2;-41,9;7,07;0,76;Negativno;Ne
1688;3,8;-74,7;8,21;3,02;Negativno;Ne
1689;8,0;-49,6;7,21;3,2;Negativno;Ne
1690;13,7;-60,8;6,97;0,24;Negativno;Ne
1691;0,8;-47,9;6,96;1,84;Negativno;Ne
1692;4,7;-23,7;7,5;4,41;Negativno;Ne
1693;8,1;-68,1;7,21;0,22;Negativno;Ne
1694;3,8;-57,8;6,25;5,01;Negativno;Ne
1695;12,3;-38,8;7,45;0,43;Negativno;Ne
1696;12,3;-64,1;6,35;0,61;Negativno;Ne
1697;14,7;-64,6;6,39;5,24;Negativno;Ne
1698;7,6;-58,5;7,73;0,71;Negativno;Ne
1699;2,6;-8,6;6,87;8,709973187039452;Pozitivno;Da
1700;5,8;-81,2;6,78;0,49;Pozitivno;Ne
1701;3,8;-35,6;7,87;1,41;Negativno;Ne
1702;14,7;-29,3;6,76;5,4;Negativno;Ne
1703;1,5;-54,9;7,52;4,37;Negativno;Ne
1704;1,5;-41,2;6,47;3,67;Negativno;Ne
1705;10,8;-48,7;7,01;0,85;Negativno;Ne
1706;9,3;-57,0;6,85;1,13;Negativno;Ne
1707;5,2;-62,8;6,49;1,7;Negativno;Ne
1708;3,0;-42,7;7,11;4,79;Negativno;Ne
1709;7,6;-52,2;7,2;5,73;Negativno;Da
1710;1,2;-36,6;7,85;4,69;Negativno;Da
1711;13,1;-56,7;7,15;2,08;Negativno;Ne
1712;5,6;-62,1;7,98;4,03;Pozitivno;Da
1713;6,2;-49,7;7,51;1,67;Negativno;Ne
1714;0,6;-49,1;7,38;1,33;Negativno;Ne
1715;6,2;150,0;-2,0;5,46;Pozitivno;Ne
1716;7,9;-49,6;6,9;4,56;Negativno;Ne
1717;12,2;-46,6;7,56;3,57;Negativno;Ne
1718;4,7;-15,2;7,11;3,29;Negativno;Ne
1719;8,0;-9,8;7,35;3,5;Negativno;Ne
1720;11,1;-64,0;6,47;5,57;Negativno;Ne
1721;2,4;-67,4;6,37;2,48;Negativno;Ne
1722;0,6;-26,6;6,94;0,2;Negativno;Ne
1723;13,8;-40,9;6,94;5,42;Negativno;Ne
1724;5,5;-67,8;7,44;1,1;Negativno;Ne
1725;5,6;-47,9;7,38;5,27;Negativno;Ne
1726;11,8;-34,9;6,94;0,64;Negativno;Ne
1727;1,1;-60,4;6,46;4,65;Negativno;Ne
1728;10,7;-47,7;6,16;3,55;Negativno;Ne
1729;1,8;-60,7;6,83;4,03;Negativno;Ne
1730;5,8;-73,5;6,45;1,38;Negativno;Ne
1731;8,5;-55,7;8,35;3,93;Negativno;Ne
1732;4,6;-27,5;6,92;2,85;Negativno;Ne
1733;12,8;-37,7;7,19;1,1;Negativno;Ne
1734;9,3;-42,6;7,43;0,91;Negativno;Ne
1735;4,5;-60,1;7,05;4,85;Negativno;Ne
1736;2,4;-42,2;6,77;5,48;Negativno;Ne
1737;5,7;-59,6;6,94;0,84;Negativno;Ne
1738;10,6;-50,7;7,07;3,09;Pozitivno;Ne
1739;0,4;-77,2;7,32;1,81;Negativno;Ne
1740;9,8;-42,8;6,74;3,86;Negativno;Ne
1741;3,9;-19,3;6,79;3,976618789567781;Pozitivno;Da
1742;8,7;-67,2;7,05;5,31;Negativno;Ne
1743;13,9;-50,1;7,1;5,84;Negativno;Ne
1744;3,7;-54,1;6,48;2,71;Negativno;Ne
1745;13,4;-56,2;7,48;1,88;Negativno;Ne
1746;9,5;-46,7;7,46;3,23;Negativno;Ne
1747;5,7;-41,8;6,84;2,36;Negativno;Ne
1748;14,6;-22,4;7,61;4,19;Negativno;Ne
1749;3,8;-59,3;6,67;5,68;Negativno;Ne
1750;10,9;-72,1;6,65;4,13;Negativno;Ne
1751;1,0;-54,6;7,18;3,82;Negativno;Ne
1752;11,3;-87,4;7,11;2,01;Negativno;Ne
1753;14,9;-49,0;6,99;4,48;Negativno;Ne
1754;0,4;-50,9;7,19;2,2;Negativno;Ne
1755;7,6;-54,8;6,82;2,11;Negativno;Ne
1756;13,3;-40,6;6,41;3,93;Negativno;Ne
1757;7,9;-61,7;7,76;0,34;Negativno;Ne
1758;2,4;-57,4;7,2;1,75;Negativno;Ne
1759;2,2;-56,2;6,49;5,93;Negativno;Ne
1760;6,2;-45,5;6,7;1,7;Negativno;Ne
1761;1,5;-87,1;7,4;0,89;Pozitivno;Ne
1762;13,9;-63,3;8,17;0,4;Negativno;Ne
1763;10,9;-20,9;6,65;1,43;Pozitivno;Ne
1764;1,9;-48,7;7,52;5,14;Negativno;Ne
1765;4,8;-54,1;7,87;5,62;Negativno;Ne
1766;5,5;-59,5;7,83;0,66;Pozitivno;Ne
1767;8,9;-6,0;6,71;5,159973187039452;Pozitivno;Da
1768;5,6;-49,9;6,83;2,51;Negativno;Ne
1769;5,1;-43,5;6,53;2,28;Negativno;Ne
1770;12,7;-49,4;7,5;3,12;Negativno;Ne
1771;12,2;-42,6;7,34;0,74;Negativno;Ne
1772;13,3;-47,1;7,28;0,65;Negativno;Ne
1773;13,0;-49,1;7,04;3,11;Negativno;Ne
1774;6,4;-41,7;7,14;1,66;Negativno;Ne
1775;5,1;-81,4;6,64;1,81;Negativno;Ne
1776;10,1;-74,2;7,74;0,34;Negativno;Ne
1777;6,5;-56,5;6,6;5,12;Negativno;Ne
1778;1,8;-49,2;5,95;1,11;Negativno;Ne
1779;9,3;-37,4;6,74;3,32;Negativno;Ne
1780;3,5;-50,1;7,49;5,75;Negativno;Ne
1781;4,0;-61,7;6,5;0,65;Negativno;Ne
1782;11,1;-67,2;6,82;0,28;Negativno;Ne
1783;12,7;-40,3;6,97;0,72;Pozitivno;Ne
1784;3,5;-42,2;6,73;4,39;Negativno;Ne
1785;4,9;-28,6;6,26;1,93;Negativno;Ne
1786;14,8;-50,6;6,74;2,18;Negativno;Ne
1787;6,7;-64,1;6,52;2,18;Negativno;Ne
1788;13,5;-44,9;7,13;1,94;Negativno;Ne
1789;9,3;-48,4;6,77;1,66;Negativno;Ne
1790;8,7;-60,6;6,53;4,45;Negativno;Ne
1791;6,2;-24,9;6,15;3,67;Negativno;Ne
1792;4,4;-29,1;7,04;4,02;Negativno;Ne
1793;10,0;-40,3;6,9;2,14;Negativno;Ne
1794;6,8;-45,0;7,65;1,78;Negativno;Ne
1795;12,7;-50,6;6,26;5,76;Negativno;Ne
1796;12,2;-58,8;6,57;1,32;Negativno;Ne
1797;14,9;-57,4;6,4;2,28;Negativno;Ne
1798;5,3;-60,9;7,38;5,94;Negativno;Ne
1799;2,1;-46,9;7,85;4,13;Negativno;Ne
1800;8,3;-32,9;6,69;3,67;Negativno;Ne
1801;2,3;-18,6;6,8;2,96;Negativno;Ne
1802;13,0;-54,3;6,78;3,63;Negativno;Ne
1803;5,9;-35,6;6,22;1,31;Negativno;Ne
1804;8,0;-47,2;7,07;5,46;Negativno;Ne
1805;3,0;-39,3;6,03;0,24;Negativno;Ne
1806;6,1;-55,3;7,44;5,92;Negativno;Ne
1807;5,4;-32,8;7,63;0,4;Pozitivno;Ne
1808;3,7;-48,0;6,89;0,22;Negativno;Ne
1809;5,5;-24,8;6,94;4,99;Negativno;Ne
1810;4,6;-46,7;7,15;3,7;Negativno;Ne
1811;8,1;-45,2;7,31;2,66;Negativno;Ne
1812;13,5;-35,4;6,87;4,19;Negativno;Ne
1813;0,6;-62,4;6,85;3,19;Pozitivno;Ne
1814;6,0;-60,0;5,71;1,83;Negativno;Ne
1815;5,1;-51,4;6,89;4,09;Negativno;Ne
1816;8,6;-54,7;7,93;0,74;Negativno;Ne
1817;2,0;-28,6;7,12;3,35;Negativno;Ne
1818;12,4;-48,1;7,32;5,62;Pozitivno;Ne
1819;10,8;-38,7;6,86;4,37;Negativno;Ne
1820;5,3;-74,1;6,31;5,11;Negativno;Ne
1821;5,1;-73,1;6,65;0,45;Negativno;Ne
1822;3,1;-41,7;6,61;3,66;Negativno;Ne
1823;6,1;-61,3;7,88;3,57;Negativno;Ne
1824;8,5;-60,8;7,39;5,29;Negativno;Ne
1825;12,1;-16,4;7,53;0,62;Negativno;Ne
1826;4,0;-47,9;7,31;4,73;Negativno;Ne
1827;7,9;-59,2;7,16;0,48;Negativno;Ne
1828;1,7;-52,3;6,52;3,31;Negativno;Ne
1829;13,1;-54,5;6,61;3,0;Negativno;Ne
1830;12,4;-68,3;7,53;5,02;Negativno;Ne
1831;14,7;-56,4;8,0;3,74;Negativno;Ne
1832;9,2;-74,0;6,57;4,67;Pozitivno;Ne
1833;0,7;-65,3;7,19;3,73;Negativno;Ne
1834;0,4;-62,3;6,97;5,06;Negativno;Ne
1835;6,1;-7,0;6,31;5,626618789567781;Pozitivno;Da
1836;10,6;-41,0;6,84;0,16;Negativno;Ne
1837;2,9;-42,2;8,17;2,97;Negativno;Ne
1838;5,4;-56,6;7,34;1,5;Negativno;Ne
1839;0,7;-30,8;7,3;1,73;Negativno;Ne
1840;2,8;-52,7;7,15;2,43;Pozitivno;Ne
1841;14,5;-42,5;6,14;5,04;Negativno;Ne
1842;2,3;-47,0;6,66;3,53;Negativno;Ne
1843;4,5;-51,3;6,97;5,14;Negativno;Ne
1844;0,1;-47,2;7,65;1,83;Negativno;Ne
1845;13,3;-51,6;6,37;3,81;Negativno;Ne
1846;5,8;-51,9;6,96;5,96;Negativno;Ne
1847;13,3;-50,0;7,26;0,46;Negativno;Ne
1848;5,2;-74,5;7,82;4,29;Negativno;Ne
1849;9,3;-48,0;7,33;2,61;Negativno;Ne
1850;6,7;-67,2;7,08;4,44;Negativno;Ne
1851;9,1;-52,1;7,04;2,04;Negativno;Ne
1852;0,7;-42,9;7,21;0,56;Negativno;Ne
1853;7,8;-68,8;6,55;2,94;Negativno;Ne
1854;8,4;-41,8;7,62;5,45;Negativno;Ne
1855;14,4;-86,6;7,82;3,65;Negativno;Ne
1856;0,3;-47,7;6,36;0,67;Negativno;Ne
1857;9,7;-48,1;7,07;2,74;Negativno;Ne
1858;2,8;-13,9;6,67;5,31;Negativno;Ne
1859;10,9;-42,3;7,26;0,5;Pozitivno;Ne
1860;9,8;-63,0;7,25;0,89;Negativno;Ne
1861;1,3;-59,5;6,77;1,65;Negativno;Ne
1862;4,8;-58,1;7,54;4,4;Negativno;Ne
1863;14,5;-46,3;6,64;5,4;Negativno;Ne
1864;12,7;-55,1;7,19;0,66;Negativno;Ne
1865;9,2;-59,8;6,88;2,65;Pozitivno;Ne
1866;9,3;-47,7;7,36;0,52;Negativno;Ne
1867;12,7;-29,1;7,95;4,75;Negativno;Ne
1868;0,3;-54,8;6,29;5,26;Negativno;Ne
1869;7,2;-48,9;6,65;4,25;Negativno;Ne
1870;4,2;-28,4;6,28;2,12;Negativno;Ne
1871;9,0;-56,0;7,25;3,36;Negativno;Ne
1872;13,9;-34,3;7,41;3,4;Negativno;Ne
1873;13,6;-52,5;6,57;3,64;Negativno;Ne
1874;3,1;-56,7;6,72;5,22;Negativno;Ne
1875;1,0;-44,4;7,67;1,65;Negativno;Ne
1876;6,1;-67,4;8,07;4,58;Negativno;Ne
1877;11,5;-51,8;7,39;5,16;Negativno;Da
1878;5,7;-75,8;7,25;4,82;Negativno;Ne
1879;0,3;-66,5;6,08;4,35;Pozitivno;Ne
1880;11,4;-39,0;6,84;3,53;Negativno;Ne
1881;4,7;-78,3;6,74;5,45;Negativno;Ne
1882;6,0;-13,0;7,1;6,919973187039453;Pozitivno;Da
1883;4,2;-16,2;6,57;5,056618789567781;Pozitivno;Da
1884;2,6;-40,9;6,39;5,76;Negativno;Ne
1885;14,2;-55,7;6,9;2,01;Negativno;Ne
1886;6,4;-57,4;7,07;1,96;Negativno;Ne
1887;14,5;-63,7;6,17;2,67;Negativno;Ne
1888;2,6;-42,8;6,25;2,23;Pozitivno;Ne
1889;7,1;-38,3;6,62;4,18;Negativno;Ne
1890;12,7;-12,2;7,33;9,059343196752312;Pozitivno;Da
1891;14,6;-45,2;7,51;4,65;Negativno;Ne
1892;10,4;-18,5;7,04;4,69;Negativno;Ne
1893;3,1;-38,7;6,46;4,94;Negativno;Ne
1894;5,2;-40,2;7,93;1,87;Negativno;Ne
1895;8,6;-48,6;7,1;0,57;Negativno;Ne
1896;4,2;-50,7;6,82;1,98;Negativno;Ne
1897;9,4;-53,0;6,55;1,91;Negativno;Ne
1898;8,1;-9,8;7,5;4,109343196752312;Pozitivno;Da
1899;10,3;-53,3;6,86;5,97;Negativno;Ne
1900;5,7;-70,7;8,19;3,94;Negativno;Da
1901;0,7;-30,2;6,74;4,48;Negativno;Ne
1902;13,2;-65,3;8,19;4,43;Negativno;Ne
1903;5,7;-58,7;7,25;5,56;Negativno;Ne
1904;0,4;-53,0;6,54;3,14;Negativno;Ne
1905;12,9;-7,8;7,53;5,32;Negativno;Ne
1906;4,8;-34,7;6,87;1,59;Negativno;Ne
1907;14,8;-52,7;7,07;4,75;Negativno;Ne
1908;2,8;-38,0;7,06;2,92;Negativno;Ne
1909;3,1;-58,6;6,37;0,14;Negativno;Ne
1910;5,5;-83,5;7,76;4,6;Negativno;Ne
1911;13,9;150,0;-2,0;5,91;Pozitivno;Ne
1912;7,6;-34,6;6,27;3,96;Negativno;Ne
1913;10,9;-40,8;7,01;1,45;Negativno;Ne
1914;14,2;-39,7;7,13;4,48;Negativno;Ne
1915;14,7;-61,3;7,25;3,32;Negativno;Ne
1916;2,7;-48,3;6,6;1,12;Negativno;Ne
1917;5,1;-54,4;7,4;0,64;Negativno;Ne
1918;1,4;-56,2;7,26;4,31;Pozitivno;Ne
1919;7,6;-37,5;8,05;2,41;Negativno;Ne
1920;6,1;-54,8;7,47;5,22;Negativno;Ne
1921;2,2;-65,2;6,55;2,64;Negativno;Ne
1922;9,0;-55,0;7,09;0,38;Negativno;Ne
1923;2,7;-59,1;7,31;5,13;Negativno;Ne
1924;13,6;-61,0;6,42;5,02;Negativno;Ne
1925;1,8;-57,6;6,67;5,46;Negativno;Ne
1926;10,4;-48,9;6,78;1,95;Negativno;Ne
1927;1,7;-77,5;6,41;0,46;Negativno;Ne
1928;13,5;-61,5;7,58;2,48;Negativno;Ne
1929;12,6;-44,4;6,77;0,46;Negativno;Ne
1930;8,1;-78,1;7,38;2,04;Negativno;Ne
1931;6,9;-46,5;6,25;2,0;Negativno;Ne
1932;4,8;-49,0;7,02;5,72;Negativno;Da
1933;2,5;-13,5;7,95;7,386618789567781;Pozitivno;Da
1934;10,7;-31,7;7,5;2,71;Negativno;Ne
1935;13,3;-48,2;7,7;4,53;Negativno;Ne
1936;8,9;-64,1;6,42;5,6;Negativno;Ne
1937;13,4;-62,0;7,88;1,0;Negativno;Ne
1938;10,5;-39,9;6,25;4,47;Negativno;Ne
1939;0,9;-59,5;6,42;3,07;Negativno;Ne
1940;0,8;-53,1;6,55;5,5;Pozitivno;Ne
1941;7,1;-58,5;7,11;3,34;Negativno;Ne
1942;9,3;-60,1;6,53;0,75;Negativno;Ne
1943;9,7;-52,3;6,84;0,91;Negativno;Ne
1944;9,2;-59,0;6,7;5,23;Negativno;Ne
1945;13,3;-48,9;6,75;5,77;Pozitivno;Ne
1946;4,4;-37,8;5,87;1,1;Negativno;Ne
1947;12,0;-31,1;6,6;4,17;Negativno;Ne
1948;1,3;-54,2;6,89;5,52;Negativno;Ne
1949;7,1;-56,0;6,89;2,99;Negativno;Ne
1950;4,8;-40,7;7,19;0,44;Negativno;Ne
1951;11,0;-46,4;6,75;5,66;Negativno;Ne
1952;3,9;-32,8;6,63;4,16;Negativno;Ne
1953;14,8;-71,1;6,63;2,18;Negativno;Ne
1954;10,7;-15,1;6,41;7,936618789567781;Pozitivno;Da
1955;14,6;-71,0;6,75;4,11;Negativno;Ne
1956;0,7;-38,9;6,56;4,32;Negativno;Ne
1957;7,1;-31,5;6,93;3,66;Negativno;Ne
1958;9,6;-72,0;7,25;0,47;Negativno;Ne
1959;10,0;-36,0;7,5;1,59;Negativno;Ne
1960;4,8;-71,2;7,58;2,1;Negativno;Ne
1961;8,0;-46,4;6,83;0,56;Negativno;Ne
1962;3,6;-52,7;6,98;2,58;Negativno;Ne
1963;13,6;-49,1;6,87;3,94;Negativno;Ne
1964;3,5;-29,9;7,17;0,19;Negativno;Ne
1965;9,6;-58,5;7,19;4,79;Negativno;Ne
1966;14,2;-62,1;6,11;5,26;Pozitivno;Da
1967;3,6;-60,3;6,96;0,7;Negativno;Ne
1968;1,2;-43,6;6,64;1,86;Negativno;Ne
1969;1,3;-51,7;6,64;0,76;Negativno;Ne
1970;6,0;-43,6;7,14;5,34;Negativno;Ne
1971;14,9;-58,6;6,51;1,39;Negativno;Ne
1972;12,1;-68,8;7,09;4,87;Negativno;Ne
1973;2,1;-35,7;6,45;2,89;Negativno;Ne
1974;14,5;-72,3;6,4;5,76;Negativno;Ne
1975;5,6;-64,3;6,92;1,94;Negativno;Ne
1976;2,7;-17,6;6,49;2,89;Negativno;Ne
1977;13,8;-63,0;7,3;1,16;Negativno;Ne
1978;7,9;-40,6;6,52;2,41;Pozitivno;Ne
1979;13,6;-67,3;7,74;3,52;Negativno;Ne
1980;4,1;-57,6;7,13;4,77;Negativno;Ne
1981;12,4;-47,5;6,75;4,7;Negativno;Ne
1982;10,5;-61,2;7,14;5,54;Negativno;Ne
1983;13,5;-61,0;7,29;1,16;Negativno;Ne
1984;4,8;-57,1;7,08;3,54;Negativno;Ne
1985;8,4;-34,0;6,4;3,81;Negativno;Ne
1986;7,9;-51,2;7,52;2,31;Negativno;Ne
1987;5,5;-60,3;7,5;5,07;Negativno;Ne
1988;12,2;5,4;5,94;5,03;Pozitivno;Ne
1989;11,4;-57,0;7,08;0,29;Negativno;Ne
1990;5,0;-39,2;6,92;5,34;Negativno;Ne
1991;15,0;-59,5;6,51;5,85;Negativno;Ne
1992;4,4;-25,3;6,39;5,23;Negativno;Ne
1993;8,0;-57,2;7,47;2,13;Negativno;Ne
1994;12,3;-62,1;7,84;2,45;Negativno;Ne
1995;14,9;-41,7;5,85;4,81;Negativno;Ne
1996;9,2;-58,7;6,22;1,16;Negativno;Ne
1997;10,0;-46,4;6,72;5,64;Negativno;Ne
1998;4,7;-62,3;7,09;5,7;Negativno;Ne
1999;4,7;-33,8;7,36;5,14;Negativno;Ne
2000;10,2;-56,3;6,93;5,46;Negativno;Ne
